user_id,trial_id,part,video_path,question,category,gt_answer,frames,frame_5_rating,frame_6_rating,frame_7_rating,frame_8_rating,frame_9_rating,frame_17_rating,frame_22_rating,frame_23_rating,frame_24_rating,frame_25_rating,ratings_list,good_datapoint,comment,reaction_time_ms,timestamp,,,,,,,,,,,,,,,,,,,,,,,,,,,,,,,,,,,,,,,,,,,,,,,,,,,,,,,,,,,,,,,,,,,,,,,,,,,,,,,,,,,,,,,,,,,,,,,,,,,,,,,,,,,,,,,,,,,,,,,,,,,,,,,,,,,,,,,,,,,,,,,,,,,,,,,,,,,,,,,,,,,,,,,,,,,,,,,,,,,,,,,,,,,,,,,,
Sandra,34,1,video_frames_kalash_new_filtered/25.webm,Is the finger touching the white container?,,"[no, no]","[5, 6, 7, 8, 9, 17, 22, 23, 24, 25]",10,10,10,10,10,10,10,10,10,10,"[10, 10, 10, 10, 10, 10, 10, 10, 10, 10]",yes,,83646,2026-05-11T10:05:02.914204,,,,,,,,,,,,,,,,,,,,,,,,,,,,,,,,,,,,,,,,,,,,,,,,,,,,,,,,,,,,,,,,,,,,,,,,,,,,,,,,,,,,,,,,,,,,,,,,,,,,,,,,,,,,,,,,,,,,,,,,,,,,,,,,,,,,,,,,,,,,,,,,,,,,,,,,,,,,,,,,,,,,,,,,,,,,,,,,,,,,,,,,,,,,,,,,
Sandra,15,1,video_frames_kalash_new_filtered/video_132.mp4,Are there exactly 3 blue cups on the table?,,"[yes, yes]","[136, 138, 140, 144, 148, 154, 201, 207, 208, 210]",10,9,7,9,10,6,9,10,10,10,"[10, 9, 7, 9, 10, 6, 9, 10, 10, 10]",yes,,120049,2026-05-11T10:07:06.149820,,,,,,,,,,,,,,,,,,,,,,,,,,,,,,,,,,,,,,,,,,,,,,,,,,,,,,,,,,,,,,,,,,,,,,,,,,,,,,,,,,,,,,,,,,,,,,,,,,,,,,,,,,,,,,,,,,,,,,,,,,,,,,,,,,,,,,,,,,,,,,,,,,,,,,,,,,,,,,,,,,,,,,,,,,,,,,,,,,,,,,,,,,,,,,,,
Sandra,42,1,video_frames_kalash_new_filtered/80.webm,Is the person touching the white object?,,"[no, no]","[7, 8, 9, 10, 11, 16, 31, 32, 33, 34]",10,10,10,8,8,9,7,7,8,9,"[10, 10, 10, 8, 8, 9, 7, 7, 8, 9]",yes,,131462,2026-05-11T10:09:20.809258,,,,,,,,,,,,,,,,,,,,,,,,,,,,,,,,,,,,,,,,,,,,,,,,,,,,,,,,,,,,,,,,,,,,,,,,,,,,,,,,,,,,,,,,,,,,,,,,,,,,,,,,,,,,,,,,,,,,,,,,,,,,,,,,,,,,,,,,,,,,,,,,,,,,,,,,,,,,,,,,,,,,,,,,,,,,,,,,,,,,,,,,,,,,,,,,
Sandra,3,1,video_frames_kalash_new_filtered/video_35.mp4,Is the pen touching the book?,,"[no, no]","[351, 373, 375, 381, 387, 397, 404, 407, 410, 412]",10,5,9,10,9,6,10,10,3,9,"[10, 5, 9, 10, 9, 6, 10, 10, 3, 9]",yes,,192534,2026-05-11T10:12:36.542195,,,,,,,,,,,,,,,,,,,,,,,,,,,,,,,,,,,,,,,,,,,,,,,,,,,,,,,,,,,,,,,,,,,,,,,,,,,,,,,,,,,,,,,,,,,,,,,,,,,,,,,,,,,,,,,,,,,,,,,,,,,,,,,,,,,,,,,,,,,,,,,,,,,,,,,,,,,,,,,,,,,,,,,,,,,,,,,,,,,,,,,,,,,,,,,,
Sandra,28,1,video_frames_kalash_new_filtered/video_540.mp4,Are there a pair of of white shoes beneath the pair of jeans?,,"[yes, yes]","[428, 429, 430, 434, 435, 444, 531, 533, 536, 538]",4,4,6,9,9,2,5,6,7,9,"[4, 4, 6, 9, 9, 2, 5, 6, 7, 9]",no,"In the first two images, it is difficult to identify if the jeans is directly above or in just front of the shoes.",344862,2026-05-11T10:18:24.622961,,,,,,,,,,,,,,,,,,,,,,,,,,,,,,,,,,,,,,,,,,,,,,,,,,,,,,,,,,,,,,,,,,,,,,,,,,,,,,,,,,,,,,,,,,,,,,,,,,,,,,,,,,,,,,,,,,,,,,,,,,,,,,,,,,,,,,,,,,,,,,,,,,,,,,,,,,,,,,,,,,,,,,,,,,,,,,,,,,,,,,,,,,,,,,,,
Sandra,41,1,video_frames_kalash_new_filtered/77.webm,Is the orange object on the right of the green watch?,,yes,"[0, 1, 2, 3, 4, 5, 7, 8, 9, 12]",10,10,10,10,9,1,9,9,10,10,"[10, 10, 10, 10, 9, 1, 9, 9, 10, 10]",no,The green color is not very distinguishable.,93939,2026-05-11T10:20:01.766093,,,,,,,,,,,,,,,,,,,,,,,,,,,,,,,,,,,,,,,,,,,,,,,,,,,,,,,,,,,,,,,,,,,,,,,,,,,,,,,,,,,,,,,,,,,,,,,,,,,,,,,,,,,,,,,,,,,,,,,,,,,,,,,,,,,,,,,,,,,,,,,,,,,,,,,,,,,,,,,,,,,,,,,,,,,,,,,,,,,,,,,,,,,,,,,,
Sandra,8,1,video_frames_kalash_new_filtered/video_69.mp4,Is the onion being dropped into the footwear?,,no,"[369, 373, 377, 382, 387, 391, 395, 403, 425, 437]",10,10,2,2,2,2,2,1,2,6,"[10, 10, 2, 2, 2, 2, 2, 1, 2, 6]",no,"It looks like the hand is further away from the footwear, and not next to it.",129636,2026-05-11T10:22:14.610894,,,,,,,,,,,,,,,,,,,,,,,,,,,,,,,,,,,,,,,,,,,,,,,,,,,,,,,,,,,,,,,,,,,,,,,,,,,,,,,,,,,,,,,,,,,,,,,,,,,,,,,,,,,,,,,,,,,,,,,,,,,,,,,,,,,,,,,,,,,,,,,,,,,,,,,,,,,,,,,,,,,,,,,,,,,,,,,,,,,,,,,,,,,,,,,,
Sandra,50,1,video_frames_kalash_new_filtered/170.webm,Is the deodrant can on the green tile?,,yes,"[35, 36, 37, 38, 39, 43, 46, 47, 48, 49]",10,10,10,10,8,7,10,10,10,10,"[10, 10, 10, 10, 8, 7, 10, 10, 10, 10]",yes,,48908,2026-05-11T10:23:06.717762,,,,,,,,,,,,,,,,,,,,,,,,,,,,,,,,,,,,,,,,,,,,,,,,,,,,,,,,,,,,,,,,,,,,,,,,,,,,,,,,,,,,,,,,,,,,,,,,,,,,,,,,,,,,,,,,,,,,,,,,,,,,,,,,,,,,,,,,,,,,,,,,,,,,,,,,,,,,,,,,,,,,,,,,,,,,,,,,,,,,,,,,,,,,,,,,
Sandra,19,1,video_frames_kalash_new_filtered/video_191.mp4,Is the door closed?,,no,"[103, 106, 107, 111, 114, 132, 141, 145, 147, 151]",10,10,10,10,10,10,10,10,10,10,"[10, 10, 10, 10, 10, 10, 10, 10, 10, 10]",yes,,37781,2026-05-11T10:23:47.702000,,,,,,,,,,,,,,,,,,,,,,,,,,,,,,,,,,,,,,,,,,,,,,,,,,,,,,,,,,,,,,,,,,,,,,,,,,,,,,,,,,,,,,,,,,,,,,,,,,,,,,,,,,,,,,,,,,,,,,,,,,,,,,,,,,,,,,,,,,,,,,,,,,,,,,,,,,,,,,,,,,,,,,,,,,,,,,,,,,,,,,,,,,,,,,,,
Sandra,6,1,video_frames_kalash_new_filtered/video_64.mp4,Is the plastic lid placed on the transparent tumbler?,,no,"[550, 555, 569, 573, 574, 578, 581, 589, 594, 621]",8,8,9,10,10,10,10,10,10,10,"[8, 8, 9, 10, 10, 10, 10, 10, 10, 10]",yes,,121197,2026-05-11T10:25:52.099803,,,,,,,,,,,,,,,,,,,,,,,,,,,,,,,,,,,,,,,,,,,,,,,,,,,,,,,,,,,,,,,,,,,,,,,,,,,,,,,,,,,,,,,,,,,,,,,,,,,,,,,,,,,,,,,,,,,,,,,,,,,,,,,,,,,,,,,,,,,,,,,,,,,,,,,,,,,,,,,,,,,,,,,,,,,,,,,,,,,,,,,,,,,,,,,,
Sandra,13,1,video_frames_kalash_new_filtered/video_108.mp4,Is the ball closer to the salt shaker than the steel container?,,no,"[148, 149, 155, 162, 163, 165, 166, 167, 168, 169]",10,10,10,10,10,4,4,9,10,10,"[10, 10, 10, 10, 10, 4, 4, 9, 10, 10]",yes,,71434,2026-05-11T10:27:06.736449,,,,,,,,,,,,,,,,,,,,,,,,,,,,,,,,,,,,,,,,,,,,,,,,,,,,,,,,,,,,,,,,,,,,,,,,,,,,,,,,,,,,,,,,,,,,,,,,,,,,,,,,,,,,,,,,,,,,,,,,,,,,,,,,,,,,,,,,,,,,,,,,,,,,,,,,,,,,,,,,,,,,,,,,,,,,,,,,,,,,,,,,,,,,,,,,
Sandra,29,1,video_frames_kalash_new_filtered/video_836.mp4,Is the glass on the book?,,no,"[59, 62, 68, 70, 76, 96, 100, 104, 106, 107]",10,10,10,10,8,10,10,10,10,10,"[10, 10, 10, 10, 8, 10, 10, 10, 10, 10]",yes,,92092,2026-05-11T10:28:42.053815,,,,,,,,,,,,,,,,,,,,,,,,,,,,,,,,,,,,,,,,,,,,,,,,,,,,,,,,,,,,,,,,,,,,,,,,,,,,,,,,,,,,,,,,,,,,,,,,,,,,,,,,,,,,,,,,,,,,,,,,,,,,,,,,,,,,,,,,,,,,,,,,,,,,,,,,,,,,,,,,,,,,,,,,,,,,,,,,,,,,,,,,,,,,,,,,
Sandra,45,1,video_frames_kalash_new_filtered/123.webm,Is the brush being held by the person?,,no,"[6, 7, 8, 11, 18, 19, 20, 21, 22, 23]",8,6,2,2,7,7,9,10,10,10,"[8, 6, 2, 2, 7, 7, 9, 10, 10, 10]",yes,,69734,2026-05-11T10:29:55.003249,,,,,,,,,,,,,,,,,,,,,,,,,,,,,,,,,,,,,,,,,,,,,,,,,,,,,,,,,,,,,,,,,,,,,,,,,,,,,,,,,,,,,,,,,,,,,,,,,,,,,,,,,,,,,,,,,,,,,,,,,,,,,,,,,,,,,,,,,,,,,,,,,,,,,,,,,,,,,,,,,,,,,,,,,,,,,,,,,,,,,,,,,,,,,,,,
Sandra,37,1,video_frames_kalash_new_filtered/45.webm,Is the entire wooden block touching the wire?,,yes,"[0, 1, 2, 3, 7, 13, 14, 15, 16, 17]",1,1,1,1,8,8,10,10,10,10,"[1, 1, 1, 1, 8, 8, 10, 10, 10, 10]",yes,,46383,2026-05-11T10:30:44.568697,,,,,,,,,,,,,,,,,,,,,,,,,,,,,,,,,,,,,,,,,,,,,,,,,,,,,,,,,,,,,,,,,,,,,,,,,,,,,,,,,,,,,,,,,,,,,,,,,,,,,,,,,,,,,,,,,,,,,,,,,,,,,,,,,,,,,,,,,,,,,,,,,,,,,,,,,,,,,,,,,,,,,,,,,,,,,,,,,,,,,,,,,,,,,,,,
Sandra,22,1,video_frames_kalash_new_filtered/video_258.mp4,Is there a knife and spoon on the blue sofa?,,"[yes, yes]","[4, 6, 11, 13, 18, 177, 179, 182, 184, 186]",1,1,1,1,1,1,1,1,1,1,"[1, 1, 1, 1, 1, 1, 1, 1, 1, 1]",no,Difficult to identify if there is a sofa and if it is blue.,135512,2026-05-11T10:33:03.281160,,,,,,,,,,,,,,,,,,,,,,,,,,,,,,,,,,,,,,,,,,,,,,,,,,,,,,,,,,,,,,,,,,,,,,,,,,,,,,,,,,,,,,,,,,,,,,,,,,,,,,,,,,,,,,,,,,,,,,,,,,,,,,,,,,,,,,,,,,,,,,,,,,,,,,,,,,,,,,,,,,,,,,,,,,,,,,,,,,,,,,,,,,,,,,,,
Sandra,7,1,video_frames_kalash_new_filtered/video_68.mp4,Is there an adapter beneath the paper cup?,,no,"[76, 78, 82, 83, 85, 88, 109, 110, 111, 113]",1,1,2,2,7,3,7,7,7,1,"[1, 1, 2, 2, 7, 3, 7, 7, 7, 1]",no,"In the 6th image, it is not clear under which of the cup.",221851,2026-05-11T10:36:48.365725,,,,,,,,,,,,,,,,,,,,,,,,,,,,,,,,,,,,,,,,,,,,,,,,,,,,,,,,,,,,,,,,,,,,,,,,,,,,,,,,,,,,,,,,,,,,,,,,,,,,,,,,,,,,,,,,,,,,,,,,,,,,,,,,,,,,,,,,,,,,,,,,,,,,,,,,,,,,,,,,,,,,,,,,,,,,,,,,,,,,,,,,,,,,,,,,
Sandra,26,1,video_frames_kalash_new_filtered/video_363.mp4,Is the Iron placed on the blue shirt?,,"[no, no]","[296, 298, 300, 313, 362, 559, 561, 565, 570, 574]",4,4,4,4,7,6,6,7,9,10,"[4, 4, 4, 4, 7, 6, 6, 7, 9, 10]",yes,,347028,2026-05-11T10:42:38.594823,,,,,,,,,,,,,,,,,,,,,,,,,,,,,,,,,,,,,,,,,,,,,,,,,,,,,,,,,,,,,,,,,,,,,,,,,,,,,,,,,,,,,,,,,,,,,,,,,,,,,,,,,,,,,,,,,,,,,,,,,,,,,,,,,,,,,,,,,,,,,,,,,,,,,,,,,,,,,,,,,,,,,,,,,,,,,,,,,,,,,,,,,,,,,,,,
Sandra,2,1,video_frames_kalash_new_filtered/video_30.mp4,Is the pen closer to the green book than the jar?,,yes,"[394, 398, 412, 455, 465, 467, 469, 470, 474, 481]",10,10,10,10,6,2,1,1,8,10,"[10, 10, 10, 10, 6, 2, 1, 1, 8, 10]",yes,,135926,2026-05-11T10:44:57.710670,,,,,,,,,,,,,,,,,,,,,,,,,,,,,,,,,,,,,,,,,,,,,,,,,,,,,,,,,,,,,,,,,,,,,,,,,,,,,,,,,,,,,,,,,,,,,,,,,,,,,,,,,,,,,,,,,,,,,,,,,,,,,,,,,,,,,,,,,,,,,,,,,,,,,,,,,,,,,,,,,,,,,,,,,,,,,,,,,,,,,,,,,,,,,,,,
Sandra,40,1,video_frames_kalash_new_filtered/58.webm,Is the white object (on top of the grey cylindrical object) closer to the right eye than the left eye?,,no,"[17, 18, 19, 20, 23, 26, 28, 30, 32, 34]",8,8,8,7,2,9,9,9,9,10,"[8, 8, 8, 7, 2, 9, 9, 9, 9, 10]",no,"The question is not specific if it is the right eye of the person, or if it the eye on the right side of the image.",243454,2026-05-11T10:49:04.367462,,,,,,,,,,,,,,,,,,,,,,,,,,,,,,,,,,,,,,,,,,,,,,,,,,,,,,,,,,,,,,,,,,,,,,,,,,,,,,,,,,,,,,,,,,,,,,,,,,,,,,,,,,,,,,,,,,,,,,,,,,,,,,,,,,,,,,,,,,,,,,,,,,,,,,,,,,,,,,,,,,,,,,,,,,,,,,,,,,,,,,,,,,,,,,,,
Sandra,18,1,video_frames_kalash_new_filtered/video_187.mp4,Is the fruit placed on top of the white cup?,,no,"[557, 559, 560, 564, 569, 573, 574, 577, 580, 583]",10,10,10,10,10,10,10,10,10,10,"[10, 10, 10, 10, 10, 10, 10, 10, 10, 10]",yes,,108431,2026-05-11T10:50:55.990566,,,,,,,,,,,,,,,,,,,,,,,,,,,,,,,,,,,,,,,,,,,,,,,,,,,,,,,,,,,,,,,,,,,,,,,,,,,,,,,,,,,,,,,,,,,,,,,,,,,,,,,,,,,,,,,,,,,,,,,,,,,,,,,,,,,,,,,,,,,,,,,,,,,,,,,,,,,,,,,,,,,,,,,,,,,,,,,,,,,,,,,,,,,,,,,,
Sandra,14,1,video_frames_kalash_new_filtered/video_123.mp4,Is the red cap attached to the popcorn container?,,yes,"[61, 62, 74, 75, 88, 90, 91, 94, 96, 97]",10,10,10,10,10,10,10,10,10,8,"[10, 10, 10, 10, 10, 10, 10, 10, 10, 8]",yes,,64443,2026-05-11T10:52:03.635272,,,,,,,,,,,,,,,,,,,,,,,,,,,,,,,,,,,,,,,,,,,,,,,,,,,,,,,,,,,,,,,,,,,,,,,,,,,,,,,,,,,,,,,,,,,,,,,,,,,,,,,,,,,,,,,,,,,,,,,,,,,,,,,,,,,,,,,,,,,,,,,,,,,,,,,,,,,,,,,,,,,,,,,,,,,,,,,,,,,,,,,,,,,,,,,,
Sandra,24,1,video_frames_kalash_new_filtered/video_316.mp4,Is there an oil bottle on the table?,,"[yes, yes]","[430, 432, 434, 435, 437, 508, 550, 553, 558, 560]",10,10,10,10,10,5,10,10,10,10,"[10, 10, 10, 10, 10, 5, 10, 10, 10, 10]",yes,,53217,2026-05-11T10:53:00.053173,,,,,,,,,,,,,,,,,,,,,,,,,,,,,,,,,,,,,,,,,,,,,,,,,,,,,,,,,,,,,,,,,,,,,,,,,,,,,,,,,,,,,,,,,,,,,,,,,,,,,,,,,,,,,,,,,,,,,,,,,,,,,,,,,,,,,,,,,,,,,,,,,,,,,,,,,,,,,,,,,,,,,,,,,,,,,,,,,,,,,,,,,,,,,,,,
Sandra,16,1,video_frames_kalash_new_filtered/video_134.mp4,Is there a white chess piece in the hands of the person?,,"[yes, yes]","[152, 156, 160, 162, 168, 696, 698, 700, 704, 706]",10,10,10,10,1,8,10,10,10,10,"[10, 10, 10, 10, 1, 8, 10, 10, 10, 10]",yes,,84327,2026-05-11T10:54:27.571495,,,,,,,,,,,,,,,,,,,,,,,,,,,,,,,,,,,,,,,,,,,,,,,,,,,,,,,,,,,,,,,,,,,,,,,,,,,,,,,,,,,,,,,,,,,,,,,,,,,,,,,,,,,,,,,,,,,,,,,,,,,,,,,,,,,,,,,,,,,,,,,,,,,,,,,,,,,,,,,,,,,,,,,,,,,,,,,,,,,,,,,,,,,,,,,,
Sandra,43,1,video_frames_kalash_new_filtered/102.webm,Is the person touching the rubiks cube?,,"[no, no]","[10, 11, 12, 13, 14, 16, 43, 44, 45, 46]",5,5,5,5,7,10,5,10,10,10,"[5, 5, 5, 5, 7, 10, 5, 10, 10, 10]",yes,,101808,2026-05-11T10:56:12.592843,,,,,,,,,,,,,,,,,,,,,,,,,,,,,,,,,,,,,,,,,,,,,,,,,,,,,,,,,,,,,,,,,,,,,,,,,,,,,,,,,,,,,,,,,,,,,,,,,,,,,,,,,,,,,,,,,,,,,,,,,,,,,,,,,,,,,,,,,,,,,,,,,,,,,,,,,,,,,,,,,,,,,,,,,,,,,,,,,,,,,,,,,,,,,,,,
Sandra,38,1,video_frames_kalash_new_filtered/46.webm,Is the tape recorder in contact with the magazine?,,yes,"[29, 30, 31, 32, 33, 37, 38, 39, 40, 41]",10,10,10,10,10,7,10,10,10,10,"[10, 10, 10, 10, 10, 7, 10, 10, 10, 10]",yes,,66856,2026-05-11T10:57:22.633304,,,,,,,,,,,,,,,,,,,,,,,,,,,,,,,,,,,,,,,,,,,,,,,,,,,,,,,,,,,,,,,,,,,,,,,,,,,,,,,,,,,,,,,,,,,,,,,,,,,,,,,,,,,,,,,,,,,,,,,,,,,,,,,,,,,,,,,,,,,,,,,,,,,,,,,,,,,,,,,,,,,,,,,,,,,,,,,,,,,,,,,,,,,,,,,,
Sandra,26,1,video_frames_kalash_new_filtered/video_363.mp4,Is the Iron placed on the blue shirt?,,"[no, no]","[296, 298, 300, 313, 362, 559, 561, 565, 570, 574]",5,5,5,5,8,7,7,8,9,9,"[5, 5, 5, 5, 8, 7, 7, 8, 9, 9]",yes,,116109,2026-05-11T11:00:30.588737,,,,,,,,,,,,,,,,,,,,,,,,,,,,,,,,,,,,,,,,,,,,,,,,,,,,,,,,,,,,,,,,,,,,,,,,,,,,,,,,,,,,,,,,,,,,,,,,,,,,,,,,,,,,,,,,,,,,,,,,,,,,,,,,,,,,,,,,,,,,,,,,,,,,,,,,,,,,,,,,,,,,,,,,,,,,,,,,,,,,,,,,,,,,,,,,
Sandra,34,1,video_frames_kalash_new_filtered/25.webm,Is the finger touching the white container?,,"[no, no]","[5, 6, 7, 8, 9, 17, 22, 23, 24, 25]",10,10,10,10,10,9,10,10,10,10,"[10, 10, 10, 10, 10, 9, 10, 10, 10, 10]",yes,,47217,2026-05-11T11:01:21.029779,,,,,,,,,,,,,,,,,,,,,,,,,,,,,,,,,,,,,,,,,,,,,,,,,,,,,,,,,,,,,,,,,,,,,,,,,,,,,,,,,,,,,,,,,,,,,,,,,,,,,,,,,,,,,,,,,,,,,,,,,,,,,,,,,,,,,,,,,,,,,,,,,,,,,,,,,,,,,,,,,,,,,,,,,,,,,,,,,,,,,,,,,,,,,,,,
Sandra,45,1,video_frames_kalash_new_filtered/123.webm,Is the brush being held by the person?,,no,"[6, 7, 8, 11, 18, 19, 20, 21, 22, 23]",6,2,2,3,7,7,8,10,10,10,"[6, 2, 2, 3, 7, 7, 8, 10, 10, 10]",yes,,77145,2026-05-11T11:02:41.365787,,,,,,,,,,,,,,,,,,,,,,,,,,,,,,,,,,,,,,,,,,,,,,,,,,,,,,,,,,,,,,,,,,,,,,,,,,,,,,,,,,,,,,,,,,,,,,,,,,,,,,,,,,,,,,,,,,,,,,,,,,,,,,,,,,,,,,,,,,,,,,,,,,,,,,,,,,,,,,,,,,,,,,,,,,,,,,,,,,,,,,,,,,,,,,,,
Sandra,19,1,video_frames_kalash_new_filtered/video_191.mp4,Is the door closed?,,no,"[103, 106, 107, 111, 114, 132, 141, 145, 147, 151]",10,10,10,10,10,10,10,10,10,10,"[10, 10, 10, 10, 10, 10, 10, 10, 10, 10]",yes,,32210,2026-05-11T11:03:16.791882,,,,,,,,,,,,,,,,,,,,,,,,,,,,,,,,,,,,,,,,,,,,,,,,,,,,,,,,,,,,,,,,,,,,,,,,,,,,,,,,,,,,,,,,,,,,,,,,,,,,,,,,,,,,,,,,,,,,,,,,,,,,,,,,,,,,,,,,,,,,,,,,,,,,,,,,,,,,,,,,,,,,,,,,,,,,,,,,,,,,,,,,,,,,,,,,
Sandra,18,1,video_frames_kalash_new_filtered/video_187.mp4,Is the fruit placed on top of the white cup?,,no,"[557, 559, 560, 564, 569, 573, 574, 577, 580, 583]",10,10,10,10,10,10,10,10,10,10,"[10, 10, 10, 10, 10, 10, 10, 10, 10, 10]",yes,,27711,2026-05-11T11:03:47.718773,,,,,,,,,,,,,,,,,,,,,,,,,,,,,,,,,,,,,,,,,,,,,,,,,,,,,,,,,,,,,,,,,,,,,,,,,,,,,,,,,,,,,,,,,,,,,,,,,,,,,,,,,,,,,,,,,,,,,,,,,,,,,,,,,,,,,,,,,,,,,,,,,,,,,,,,,,,,,,,,,,,,,,,,,,,,,,,,,,,,,,,,,,,,,,,,
Sandra,5,1,video_frames_kalash_new_filtered/video_61.mp4,Are there exactly 3 cups?,,yes,"[158, 162, 165, 169, 171, 178, 183, 186, 189, 190]",10,10,9,7,6,5,10,10,10,10,"[10, 10, 9, 7, 6, 5, 10, 10, 10, 10]",yes,,74339,2026-05-11T11:05:05.248298,,,,,,,,,,,,,,,,,,,,,,,,,,,,,,,,,,,,,,,,,,,,,,,,,,,,,,,,,,,,,,,,,,,,,,,,,,,,,,,,,,,,,,,,,,,,,,,,,,,,,,,,,,,,,,,,,,,,,,,,,,,,,,,,,,,,,,,,,,,,,,,,,,,,,,,,,,,,,,,,,,,,,,,,,,,,,,,,,,,,,,,,,,,,,,,,
Sandra,36,1,video_frames_kalash_new_filtered/42.webm,Is there a coin in the image?,,yes,"[0, 1, 2, 3, 4, 26, 45, 46, 47, 49]",9,9,9,9,9,8,8,9,9,9,"[9, 9, 9, 9, 9, 8, 8, 9, 9, 9]",yes,,57257,2026-05-11T11:06:05.702747,,,,,,,,,,,,,,,,,,,,,,,,,,,,,,,,,,,,,,,,,,,,,,,,,,,,,,,,,,,,,,,,,,,,,,,,,,,,,,,,,,,,,,,,,,,,,,,,,,,,,,,,,,,,,,,,,,,,,,,,,,,,,,,,,,,,,,,,,,,,,,,,,,,,,,,,,,,,,,,,,,,,,,,,,,,,,,,,,,,,,,,,,,,,,,,,
Sandra,25,1,video_frames_kalash_new_filtered/video_338.mp4,Are there 2 purses hanging on the black chair?,,"[yes, yes]","[108, 110, 113, 115, 129, 154, 156, 158, 159, 161]",10,10,10,10,2,7,7,7,7,7,"[10, 10, 10, 10, 2, 7, 7, 7, 7, 7]",yes,,66447,2026-05-11T11:07:15.352301,,,,,,,,,,,,,,,,,,,,,,,,,,,,,,,,,,,,,,,,,,,,,,,,,,,,,,,,,,,,,,,,,,,,,,,,,,,,,,,,,,,,,,,,,,,,,,,,,,,,,,,,,,,,,,,,,,,,,,,,,,,,,,,,,,,,,,,,,,,,,,,,,,,,,,,,,,,,,,,,,,,,,,,,,,,,,,,,,,,,,,,,,,,,,,,,
Sandra,23,1,video_frames_kalash_new_filtered/video_305.mp4,Is there a pair of scissors on the desk?,,"[yes, yes]","[138, 139, 140, 142, 143, 207, 215, 218, 220, 224]",10,10,10,10,10,9,10,10,10,10,"[10, 10, 10, 10, 10, 9, 10, 10, 10, 10]",yes,,51150,2026-05-11T11:08:09.725014,,,,,,,,,,,,,,,,,,,,,,,,,,,,,,,,,,,,,,,,,,,,,,,,,,,,,,,,,,,,,,,,,,,,,,,,,,,,,,,,,,,,,,,,,,,,,,,,,,,,,,,,,,,,,,,,,,,,,,,,,,,,,,,,,,,,,,,,,,,,,,,,,,,,,,,,,,,,,,,,,,,,,,,,,,,,,,,,,,,,,,,,,,,,,,,,
Sandra,35,1,video_frames_kalash_new_filtered/39.webm,Is the person holding the bottle?,,no,"[29, 30, 31, 33, 36, 41, 42, 43, 44, 45]",10,10,10,9,8,10,10,10,10,10,"[10, 10, 10, 9, 8, 10, 10, 10, 10, 10]",yes,,53866,2026-05-11T11:09:06.780723,,,,,,,,,,,,,,,,,,,,,,,,,,,,,,,,,,,,,,,,,,,,,,,,,,,,,,,,,,,,,,,,,,,,,,,,,,,,,,,,,,,,,,,,,,,,,,,,,,,,,,,,,,,,,,,,,,,,,,,,,,,,,,,,,,,,,,,,,,,,,,,,,,,,,,,,,,,,,,,,,,,,,,,,,,,,,,,,,,,,,,,,,,,,,,,,
Sandra,16,1,video_frames_kalash_new_filtered/video_134.mp4,Is there a white chess piece in the hands of the person?,,"[yes, yes]","[152, 156, 160, 162, 168, 696, 698, 700, 704, 706]",10,10,10,10,1,8,10,10,10,10,"[10, 10, 10, 10, 1, 8, 10, 10, 10, 10]",yes,,44552,2026-05-11T11:09:54.551676,,,,,,,,,,,,,,,,,,,,,,,,,,,,,,,,,,,,,,,,,,,,,,,,,,,,,,,,,,,,,,,,,,,,,,,,,,,,,,,,,,,,,,,,,,,,,,,,,,,,,,,,,,,,,,,,,,,,,,,,,,,,,,,,,,,,,,,,,,,,,,,,,,,,,,,,,,,,,,,,,,,,,,,,,,,,,,,,,,,,,,,,,,,,,,,,
Sandra,13,1,video_frames_kalash_new_filtered/video_108.mp4,Is the ball closer to the salt shaker than the steel container?,,no,"[148, 149, 155, 162, 163, 165, 166, 167, 168, 169]",10,10,10,10,10,8,1,3,9,10,"[10, 10, 10, 10, 10, 8, 1, 3, 9, 10]",yes,,64777,2026-05-11T11:11:02.516225,,,,,,,,,,,,,,,,,,,,,,,,,,,,,,,,,,,,,,,,,,,,,,,,,,,,,,,,,,,,,,,,,,,,,,,,,,,,,,,,,,,,,,,,,,,,,,,,,,,,,,,,,,,,,,,,,,,,,,,,,,,,,,,,,,,,,,,,,,,,,,,,,,,,,,,,,,,,,,,,,,,,,,,,,,,,,,,,,,,,,,,,,,,,,,,,
Sandra,27,1,video_frames_kalash_new_filtered/video_533.mp4,Does the container have its lid on?,,"[yes, yes]","[44, 48, 50, 54, 72, 284, 286, 290, 292, 298]",10,10,10,10,9,5,5,8,8,10,"[10, 10, 10, 10, 9, 5, 5, 8, 8, 10]",no,The panel shown in the image does not seem to be the lid of the container.,185590,2026-05-11T11:14:11.286435,,,,,,,,,,,,,,,,,,,,,,,,,,,,,,,,,,,,,,,,,,,,,,,,,,,,,,,,,,,,,,,,,,,,,,,,,,,,,,,,,,,,,,,,,,,,,,,,,,,,,,,,,,,,,,,,,,,,,,,,,,,,,,,,,,,,,,,,,,,,,,,,,,,,,,,,,,,,,,,,,,,,,,,,,,,,,,,,,,,,,,,,,,,,,,,,
Sandra,11,1,video_frames_kalash_new_filtered/video_86.mp4,Is the purple tumbler touching the table?,,yes,"[544, 546, 550, 554, 556, 557, 558, 560, 568, 580]",10,10,10,10,10,10,1,9,10,10,"[10, 10, 10, 10, 10, 10, 1, 9, 10, 10]",yes,,62466,2026-05-11T11:15:16.941687,,,,,,,,,,,,,,,,,,,,,,,,,,,,,,,,,,,,,,,,,,,,,,,,,,,,,,,,,,,,,,,,,,,,,,,,,,,,,,,,,,,,,,,,,,,,,,,,,,,,,,,,,,,,,,,,,,,,,,,,,,,,,,,,,,,,,,,,,,,,,,,,,,,,,,,,,,,,,,,,,,,,,,,,,,,,,,,,,,,,,,,,,,,,,,,,
Sandra,44,1,video_frames_kalash_new_filtered/119.webm,Is the brown disk in contact with the persons hand?,,no,"[15, 22, 23, 25, 26, 27, 28, 29, 30, 31]",10,10,6,10,10,10,10,10,10,10,"[10, 10, 6, 10, 10, 10, 10, 10, 10, 10]",yes,,68313,2026-05-11T11:16:28.467819,,,,,,,,,,,,,,,,,,,,,,,,,,,,,,,,,,,,,,,,,,,,,,,,,,,,,,,,,,,,,,,,,,,,,,,,,,,,,,,,,,,,,,,,,,,,,,,,,,,,,,,,,,,,,,,,,,,,,,,,,,,,,,,,,,,,,,,,,,,,,,,,,,,,,,,,,,,,,,,,,,,,,,,,,,,,,,,,,,,,,,,,,,,,,,,,
Sandra,30,1,video_frames_kalash_new_filtered/video_945.mp4,Is the iron on the red sweater?,,"[no, no]","[336, 338, 340, 346, 503, 529, 530, 535, 540, 543]",10,10,10,10,9,8,9,10,10,10,"[10, 10, 10, 10, 9, 8, 9, 10, 10, 10]",yes,,41115,2026-05-11T11:17:12.774432,,,,,,,,,,,,,,,,,,,,,,,,,,,,,,,,,,,,,,,,,,,,,,,,,,,,,,,,,,,,,,,,,,,,,,,,,,,,,,,,,,,,,,,,,,,,,,,,,,,,,,,,,,,,,,,,,,,,,,,,,,,,,,,,,,,,,,,,,,,,,,,,,,,,,,,,,,,,,,,,,,,,,,,,,,,,,,,,,,,,,,,,,,,,,,,,
Sandra,9,1,video_frames_kalash_new_filtered/video_77.mp4,Are there exactly 2 fruits?,,no,"[208, 214, 218, 219, 220, 221, 222, 223, 226, 227]",10,10,10,10,5,7,9,10,10,10,"[10, 10, 10, 10, 5, 7, 9, 10, 10, 10]",yes,,60359,2026-05-11T11:18:16.335446,,,,,,,,,,,,,,,,,,,,,,,,,,,,,,,,,,,,,,,,,,,,,,,,,,,,,,,,,,,,,,,,,,,,,,,,,,,,,,,,,,,,,,,,,,,,,,,,,,,,,,,,,,,,,,,,,,,,,,,,,,,,,,,,,,,,,,,,,,,,,,,,,,,,,,,,,,,,,,,,,,,,,,,,,,,,,,,,,,,,,,,,,,,,,,,,
Sandra,38,1,video_frames_kalash_new_filtered/46.webm,Is the tape recorder in contact with the magazine?,,yes,"[29, 30, 31, 32, 33, 37, 38, 39, 40, 41]",10,10,10,10,10,7,10,10,10,10,"[10, 10, 10, 10, 10, 7, 10, 10, 10, 10]",yes,,27087,2026-05-11T11:18:46.664708,,,,,,,,,,,,,,,,,,,,,,,,,,,,,,,,,,,,,,,,,,,,,,,,,,,,,,,,,,,,,,,,,,,,,,,,,,,,,,,,,,,,,,,,,,,,,,,,,,,,,,,,,,,,,,,,,,,,,,,,,,,,,,,,,,,,,,,,,,,,,,,,,,,,,,,,,,,,,,,,,,,,,,,,,,,,,,,,,,,,,,,,,,,,,,,,
Sandra,14,1,video_frames_kalash_new_filtered/video_123.mp4,Is the red cap attached to the popcorn container?,,yes,"[61, 62, 74, 75, 88, 90, 91, 94, 96, 97]",10,10,10,10,10,10,10,10,10,9,"[10, 10, 10, 10, 10, 10, 10, 10, 10, 9]",yes,,43357,2026-05-11T11:19:33.229842,,,,,,,,,,,,,,,,,,,,,,,,,,,,,,,,,,,,,,,,,,,,,,,,,,,,,,,,,,,,,,,,,,,,,,,,,,,,,,,,,,,,,,,,,,,,,,,,,,,,,,,,,,,,,,,,,,,,,,,,,,,,,,,,,,,,,,,,,,,,,,,,,,,,,,,,,,,,,,,,,,,,,,,,,,,,,,,,,,,,,,,,,,,,,,,,
Sandra,37,1,video_frames_kalash_new_filtered/45.webm,Is the entire wooden block touching the wire?,,yes,"[0, 1, 2, 3, 7, 13, 14, 15, 16, 17]",1,1,1,1,8,9,10,10,10,10,"[1, 1, 1, 1, 8, 9, 10, 10, 10, 10]",yes,,34680,2026-05-11T11:20:11.109496,,,,,,,,,,,,,,,,,,,,,,,,,,,,,,,,,,,,,,,,,,,,,,,,,,,,,,,,,,,,,,,,,,,,,,,,,,,,,,,,,,,,,,,,,,,,,,,,,,,,,,,,,,,,,,,,,,,,,,,,,,,,,,,,,,,,,,,,,,,,,,,,,,,,,,,,,,,,,,,,,,,,,,,,,,,,,,,,,,,,,,,,,,,,,,,,
Sandra,29,1,video_frames_kalash_new_filtered/video_836.mp4,Is the glass on the book?,,no,"[59, 62, 68, 70, 76, 96, 100, 104, 106, 107]",10,10,10,10,8,10,10,10,10,10,"[10, 10, 10, 10, 8, 10, 10, 10, 10, 10]",yes,,48091,2026-05-11T11:21:02.406613,,,,,,,,,,,,,,,,,,,,,,,,,,,,,,,,,,,,,,,,,,,,,,,,,,,,,,,,,,,,,,,,,,,,,,,,,,,,,,,,,,,,,,,,,,,,,,,,,,,,,,,,,,,,,,,,,,,,,,,,,,,,,,,,,,,,,,,,,,,,,,,,,,,,,,,,,,,,,,,,,,,,,,,,,,,,,,,,,,,,,,,,,,,,,,,,
Sandra,39,1,video_frames_kalash_new_filtered/48.webm,Is green glass in contact with the table?,,yes,"[19, 20, 21, 22, 30, 33, 34, 35, 36, 37]",10,10,10,9,6,10,10,10,10,10,"[10, 10, 10, 9, 6, 10, 10, 10, 10, 10]",yes,,41458,2026-05-11T11:21:47.075381,,,,,,,,,,,,,,,,,,,,,,,,,,,,,,,,,,,,,,,,,,,,,,,,,,,,,,,,,,,,,,,,,,,,,,,,,,,,,,,,,,,,,,,,,,,,,,,,,,,,,,,,,,,,,,,,,,,,,,,,,,,,,,,,,,,,,,,,,,,,,,,,,,,,,,,,,,,,,,,,,,,,,,,,,,,,,,,,,,,,,,,,,,,,,,,,
Sandra,49,1,video_frames_kalash_new_filtered/136.webm,Is the person holding a camera string?,,yes,"[9, 10, 11, 12, 14, 24, 25, 26, 27, 28]",2,2,2,5,7,8,10,10,10,10,"[2, 2, 2, 5, 7, 8, 10, 10, 10, 10]",yes,,49956,2026-05-11T11:22:40.268733,,,,,,,,,,,,,,,,,,,,,,,,,,,,,,,,,,,,,,,,,,,,,,,,,,,,,,,,,,,,,,,,,,,,,,,,,,,,,,,,,,,,,,,,,,,,,,,,,,,,,,,,,,,,,,,,,,,,,,,,,,,,,,,,,,,,,,,,,,,,,,,,,,,,,,,,,,,,,,,,,,,,,,,,,,,,,,,,,,,,,,,,,,,,,,,,
Sandra,42,1,video_frames_kalash_new_filtered/80.webm,Is the person touching the white object?,,"[no, no]","[7, 8, 9, 10, 11, 16, 31, 32, 33, 34]",10,10,10,10,10,9,10,10,10,10,"[10, 10, 10, 10, 10, 9, 10, 10, 10, 10]",yes,,35983,2026-05-11T11:23:19.498516,,,,,,,,,,,,,,,,,,,,,,,,,,,,,,,,,,,,,,,,,,,,,,,,,,,,,,,,,,,,,,,,,,,,,,,,,,,,,,,,,,,,,,,,,,,,,,,,,,,,,,,,,,,,,,,,,,,,,,,,,,,,,,,,,,,,,,,,,,,,,,,,,,,,,,,,,,,,,,,,,,,,,,,,,,,,,,,,,,,,,,,,,,,,,,,,
Sandra,33,1,video_frames_kalash_new_filtered/22.webm,Is the comb touching the onion,,no,"[3, 4, 5, 6, 7, 9, 15, 16, 17, 18]",10,10,10,10,10,2,5,6,6,8,"[10, 10, 10, 10, 10, 2, 5, 6, 6, 8]",yes,,66244,2026-05-11T11:24:28.956342,,,,,,,,,,,,,,,,,,,,,,,,,,,,,,,,,,,,,,,,,,,,,,,,,,,,,,,,,,,,,,,,,,,,,,,,,,,,,,,,,,,,,,,,,,,,,,,,,,,,,,,,,,,,,,,,,,,,,,,,,,,,,,,,,,,,,,,,,,,,,,,,,,,,,,,,,,,,,,,,,,,,,,,,,,,,,,,,,,,,,,,,,,,,,,,,
Sandra,46,1,video_frames_kalash_new_filtered/124.webm,Is there water splatter beneath the wiping cloth?,,yes,"[8, 9, 10, 11, 13, 52, 53, 54, 63, 64]",10,10,10,10,4,1,1,2,4,4,"[10, 10, 10, 10, 4, 1, 1, 2, 4, 4]",yes,,84017,2026-05-11T11:25:56.181360,,,,,,,,,,,,,,,,,,,,,,,,,,,,,,,,,,,,,,,,,,,,,,,,,,,,,,,,,,,,,,,,,,,,,,,,,,,,,,,,,,,,,,,,,,,,,,,,,,,,,,,,,,,,,,,,,,,,,,,,,,,,,,,,,,,,,,,,,,,,,,,,,,,,,,,,,,,,,,,,,,,,,,,,,,,,,,,,,,,,,,,,,,,,,,,,
Sandra,43,1,video_frames_kalash_new_filtered/102.webm,Is the person touching the rubiks cube?,,"[no, no]","[10, 11, 12, 13, 14, 16, 43, 44, 45, 46]",8,7,7,7,6,10,9,10,10,10,"[8, 7, 7, 7, 6, 10, 9, 10, 10, 10]",yes,,102230,2026-05-11T11:27:41.611278,,,,,,,,,,,,,,,,,,,,,,,,,,,,,,,,,,,,,,,,,,,,,,,,,,,,,,,,,,,,,,,,,,,,,,,,,,,,,,,,,,,,,,,,,,,,,,,,,,,,,,,,,,,,,,,,,,,,,,,,,,,,,,,,,,,,,,,,,,,,,,,,,,,,,,,,,,,,,,,,,,,,,,,,,,,,,,,,,,,,,,,,,,,,,,,,
Sandra,8,1,video_frames_kalash_new_filtered/video_69.mp4,Is the onion being dropped into the footwear?,,no,"[369, 373, 377, 382, 387, 391, 395, 403, 425, 437]",10,10,5,5,5,7,8,8,8,9,"[10, 10, 5, 5, 5, 7, 8, 8, 8, 9]",no,It looks like the shoe is further away from the hand and not next to the hand.,130122,2026-05-11T11:29:54.925678,,,,,,,,,,,,,,,,,,,,,,,,,,,,,,,,,,,,,,,,,,,,,,,,,,,,,,,,,,,,,,,,,,,,,,,,,,,,,,,,,,,,,,,,,,,,,,,,,,,,,,,,,,,,,,,,,,,,,,,,,,,,,,,,,,,,,,,,,,,,,,,,,,,,,,,,,,,,,,,,,,,,,,,,,,,,,,,,,,,,,,,,,,,,,,,,
Sandra,24,1,video_frames_kalash_new_filtered/video_316.mp4,Is there an oil bottle on the table?,,"[yes, yes]","[430, 432, 434, 435, 437, 508, 550, 553, 558, 560]",10,10,10,10,10,5,10,10,10,10,"[10, 10, 10, 10, 10, 5, 10, 10, 10, 10]",yes,,29035,2026-05-11T11:30:27.144556,,,,,,,,,,,,,,,,,,,,,,,,,,,,,,,,,,,,,,,,,,,,,,,,,,,,,,,,,,,,,,,,,,,,,,,,,,,,,,,,,,,,,,,,,,,,,,,,,,,,,,,,,,,,,,,,,,,,,,,,,,,,,,,,,,,,,,,,,,,,,,,,,,,,,,,,,,,,,,,,,,,,,,,,,,,,,,,,,,,,,,,,,,,,,,,,
Sandra,6,1,video_frames_kalash_new_filtered/video_64.mp4,Is the plastic lid placed on the transparent tumbler?,,no,"[550, 555, 569, 573, 574, 578, 581, 589, 594, 621]",10,10,9,10,10,10,10,10,10,10,"[10, 10, 9, 10, 10, 10, 10, 10, 10, 10]",yes,,53088,2026-05-11T11:31:23.438095,,,,,,,,,,,,,,,,,,,,,,,,,,,,,,,,,,,,,,,,,,,,,,,,,,,,,,,,,,,,,,,,,,,,,,,,,,,,,,,,,,,,,,,,,,,,,,,,,,,,,,,,,,,,,,,,,,,,,,,,,,,,,,,,,,,,,,,,,,,,,,,,,,,,,,,,,,,,,,,,,,,,,,,,,,,,,,,,,,,,,,,,,,,,,,,,
Sandra,3,1,video_frames_kalash_new_filtered/video_35.mp4,Is the pen touching the book?,,"[no, no]","[351, 373, 375, 381, 387, 397, 404, 407, 410, 412]",10,7,8,10,7,7,10,10,2,8,"[10, 7, 8, 10, 7, 7, 10, 10, 2, 8]",yes,,83941,2026-05-11T11:32:50.589235,,,,,,,,,,,,,,,,,,,,,,,,,,,,,,,,,,,,,,,,,,,,,,,,,,,,,,,,,,,,,,,,,,,,,,,,,,,,,,,,,,,,,,,,,,,,,,,,,,,,,,,,,,,,,,,,,,,,,,,,,,,,,,,,,,,,,,,,,,,,,,,,,,,,,,,,,,,,,,,,,,,,,,,,,,,,,,,,,,,,,,,,,,,,,,,,
Sandra,17,1,video_frames_kalash_new_filtered/video_140.mp4,Is there green leaf in the mixing bowl?,,"[yes, yes]","[601, 603, 605, 606, 621, 633, 635, 636, 640, 643]",2,2,2,2,2,7,7,8,8,8,"[2, 2, 2, 2, 2, 7, 7, 8, 8, 8]",no,"Not very identifiable if it is a green ""leaf"".",123053,2026-05-11T11:34:56.841608,,,,,,,,,,,,,,,,,,,,,,,,,,,,,,,,,,,,,,,,,,,,,,,,,,,,,,,,,,,,,,,,,,,,,,,,,,,,,,,,,,,,,,,,,,,,,,,,,,,,,,,,,,,,,,,,,,,,,,,,,,,,,,,,,,,,,,,,,,,,,,,,,,,,,,,,,,,,,,,,,,,,,,,,,,,,,,,,,,,,,,,,,,,,,,,,
Sandra,47,1,video_frames_kalash_new_filtered/127.webm,Is the drawer closed?,,yes,"[4, 5, 6, 7, 8, 11, 13, 14, 15, 16]",10,10,10,10,10,9,10,10,10,10,"[10, 10, 10, 10, 10, 9, 10, 10, 10, 10]",yes,,28441,2026-05-11T11:35:28.512977,,,,,,,,,,,,,,,,,,,,,,,,,,,,,,,,,,,,,,,,,,,,,,,,,,,,,,,,,,,,,,,,,,,,,,,,,,,,,,,,,,,,,,,,,,,,,,,,,,,,,,,,,,,,,,,,,,,,,,,,,,,,,,,,,,,,,,,,,,,,,,,,,,,,,,,,,,,,,,,,,,,,,,,,,,,,,,,,,,,,,,,,,,,,,,,,
Sandra,10,1,video_frames_kalash_new_filtered/video_80.mp4,Are there exactly 2 tumblers?,,yes,"[21, 36, 34, 36, 40, 45, 47, 48, 49, 50]",9,6,6,8,8,9,10,10,10,"[9, 6, 6, 6, 8, 8, 9, 10, 10, 10]",yes,,66307,2026-05-11T11:36:38.033776,,,,,,,,,,,,,,,,,,,,,,,,,,,,,,,,,,,,,,,,,,,,,,,,,,,,,,,,,,,,,,,,,,,,,,,,,,,,,,,,,,,,,,,,,,,,,,,,,,,,,,,,,,,,,,,,,,,,,,,,,,,,,,,,,,,,,,,,,,,,,,,,,,,,,,,,,,,,,,,,,,,,,,,,,,,,,,,,,,,,,,,,,,,,,,,,,
Sandra,15,1,video_frames_kalash_new_filtered/video_132.mp4,Are there exactly 3 blue cups on the table?,,"[yes, yes]","[136, 138, 140, 144, 148, 154, 201, 207, 208, 210]",10,9,7,9,10,7,10,9,10,10,"[10, 9, 7, 9, 10, 7, 10, 9, 10, 10]",yes,,37592,2026-05-11T11:37:18.841608,,,,,,,,,,,,,,,,,,,,,,,,,,,,,,,,,,,,,,,,,,,,,,,,,,,,,,,,,,,,,,,,,,,,,,,,,,,,,,,,,,,,,,,,,,,,,,,,,,,,,,,,,,,,,,,,,,,,,,,,,,,,,,,,,,,,,,,,,,,,,,,,,,,,,,,,,,,,,,,,,,,,,,,,,,,,,,,,,,,,,,,,,,,,,,,,
Sandra,48,1,video_frames_kalash_new_filtered/133.webm,Are there pencils in the box?,,"[yes, yes]","[10, 11, 12, 13, 14, 16, 27, 28, 29, 30]",10,10,10,10,10,7,10,10,10,10,"[10, 10, 10, 10, 10, 7, 10, 10, 10, 10]",yes,,29077,2026-05-11T11:37:51.133019,,,,,,,,,,,,,,,,,,,,,,,,,,,,,,,,,,,,,,,,,,,,,,,,,,,,,,,,,,,,,,,,,,,,,,,,,,,,,,,,,,,,,,,,,,,,,,,,,,,,,,,,,,,,,,,,,,,,,,,,,,,,,,,,,,,,,,,,,,,,,,,,,,,,,,,,,,,,,,,,,,,,,,,,,,,,,,,,,,,,,,,,,,,,,,,,
Sandra,4,1,video_frames_kalash_new_filtered/video_44.mp4,Is the red cup on the wooden board?,,no,"[26, 29, 33, 37, 79, 82, 86, 91, 119, 123]",7,6,4,3,2,3,4,6,10,10,"[7, 6, 4, 3, 2, 3, 4, 6, 10, 10]",yes,,113881,2026-05-11T11:39:48.223194,,,,,,,,,,,,,,,,,,,,,,,,,,,,,,,,,,,,,,,,,,,,,,,,,,,,,,,,,,,,,,,,,,,,,,,,,,,,,,,,,,,,,,,,,,,,,,,,,,,,,,,,,,,,,,,,,,,,,,,,,,,,,,,,,,,,,,,,,,,,,,,,,,,,,,,,,,,,,,,,,,,,,,,,,,,,,,,,,,,,,,,,,,,,,,,,
Sandra,41,1,video_frames_kalash_new_filtered/77.webm,Is the orange object on the right of the green watch?,,yes,"[0, 1, 2, 3, 4, 5, 7, 8, 9, 12]",10,10,10,10,10,1,9,10,10,10,"[10, 10, 10, 10, 10, 1, 9, 10, 10, 10]",no,The green color is not very distinguishable.,52150,2026-05-11T11:40:43.614749,,,,,,,,,,,,,,,,,,,,,,,,,,,,,,,,,,,,,,,,,,,,,,,,,,,,,,,,,,,,,,,,,,,,,,,,,,,,,,,,,,,,,,,,,,,,,,,,,,,,,,,,,,,,,,,,,,,,,,,,,,,,,,,,,,,,,,,,,,,,,,,,,,,,,,,,,,,,,,,,,,,,,,,,,,,,,,,,,,,,,,,,,,,,,,,,
Sandra,1,1,video_frames_kalash_new_filtered/video_5.mp4,Is the ball closer to the pen as compared to the book?,,yes,"[100, 106, 109, 112, 113, 114, 117, 119, 120, 121]",10,10,10,3,1,3,10,10,10,10,"[10, 10, 10, 3, 1, 3, 10, 10, 10, 10]",yes,,62509,2026-05-11T11:41:49.317311,,,,,,,,,,,,,,,,,,,,,,,,,,,,,,,,,,,,,,,,,,,,,,,,,,,,,,,,,,,,,,,,,,,,,,,,,,,,,,,,,,,,,,,,,,,,,,,,,,,,,,,,,,,,,,,,,,,,,,,,,,,,,,,,,,,,,,,,,,,,,,,,,,,,,,,,,,,,,,,,,,,,,,,,,,,,,,,,,,,,,,,,,,,,,,,,
Sandra,12,1,video_frames_kalash_new_filtered/video_102.mp4,Is the blue pen on the green book?,,yes,"[98, 102, 113, 117, 122, 123, 124, 128, 131, 138]",10,10,9,9,9,8,5,10,10,10,"[10, 10, 9, 9, 9, 8, 5, 10, 10, 10]",yes,,39909,2026-05-11T11:42:32.430029,,,,,,,,,,,,,,,,,,,,,,,,,,,,,,,,,,,,,,,,,,,,,,,,,,,,,,,,,,,,,,,,,,,,,,,,,,,,,,,,,,,,,,,,,,,,,,,,,,,,,,,,,,,,,,,,,,,,,,,,,,,,,,,,,,,,,,,,,,,,,,,,,,,,,,,,,,,,,,,,,,,,,,,,,,,,,,,,,,,,,,,,,,,,,,,,
Sandra,28,1,video_frames_kalash_new_filtered/video_540.mp4,Are there a pair of of white shoes beneath the pair of jeans?,,"[yes, yes]","[428, 429, 430, 434, 435, 444, 531, 533, 536, 538]",10,10,10,10,10,2,5,7,9,10,"[10, 10, 10, 10, 10, 2, 5, 7, 9, 10]",no,It seems like the jeans can be either above or in front of the shoes in the first 2 images.,92135,2026-05-11T11:44:07.757092,,,,,,,,,,,,,,,,,,,,,,,,,,,,,,,,,,,,,,,,,,,,,,,,,,,,,,,,,,,,,,,,,,,,,,,,,,,,,,,,,,,,,,,,,,,,,,,,,,,,,,,,,,,,,,,,,,,,,,,,,,,,,,,,,,,,,,,,,,,,,,,,,,,,,,,,,,,,,,,,,,,,,,,,,,,,,,,,,,,,,,,,,,,,,,,,
Sandra,22,1,video_frames_kalash_new_filtered/video_258.mp4,Is there a knife and spoon on the blue sofa?,,"[yes, yes]","[4, 6, 11, 13, 18, 177, 179, 182, 184, 186]",1,1,1,1,1,1,1,1,1,1,"[1, 1, 1, 1, 1, 1, 1, 1, 1, 1]",no,The blue sofa is not very identifiable.,38759,2026-05-11T11:44:49.712093,,,,,,,,,,,,,,,,,,,,,,,,,,,,,,,,,,,,,,,,,,,,,,,,,,,,,,,,,,,,,,,,,,,,,,,,,,,,,,,,,,,,,,,,,,,,,,,,,,,,,,,,,,,,,,,,,,,,,,,,,,,,,,,,,,,,,,,,,,,,,,,,,,,,,,,,,,,,,,,,,,,,,,,,,,,,,,,,,,,,,,,,,,,,,,,,
Sandra,31,1,video_frames_kalash_new_filtered/11.webm,Is the person holding the wallet?,,"[no, no]","[21, 22, 23, 25, 29, 30, 31, 32, 33, 35]",10,10,7,5,2,3,9,10,10,10,"[10, 10, 7, 5, 2, 3, 9, 10, 10, 10]",yes,,49957,2026-05-11T11:45:42.864502,,,,,,,,,,,,,,,,,,,,,,,,,,,,,,,,,,,,,,,,,,,,,,,,,,,,,,,,,,,,,,,,,,,,,,,,,,,,,,,,,,,,,,,,,,,,,,,,,,,,,,,,,,,,,,,,,,,,,,,,,,,,,,,,,,,,,,,,,,,,,,,,,,,,,,,,,,,,,,,,,,,,,,,,,,,,,,,,,,,,,,,,,,,,,,,,
Sandra,32,1,video_frames_kalash_new_filtered/15.webm,Is the blue lid of the container touching the table?,,"[no, no]","[31, 32, 34, 35, 36, 41, 47, 48, 49, 50]",10,10,10,10,8,10,10,7,7,9,"[10, 10, 10, 10, 8, 10, 10, 7, 7, 9]",yes,,36550,2026-05-11T11:46:22.625427,,,,,,,,,,,,,,,,,,,,,,,,,,,,,,,,,,,,,,,,,,,,,,,,,,,,,,,,,,,,,,,,,,,,,,,,,,,,,,,,,,,,,,,,,,,,,,,,,,,,,,,,,,,,,,,,,,,,,,,,,,,,,,,,,,,,,,,,,,,,,,,,,,,,,,,,,,,,,,,,,,,,,,,,,,,,,,,,,,,,,,,,,,,,,,,,
Sandra,40,1,video_frames_kalash_new_filtered/58.webm,Is the white object (on top of the grey cylindrical object) closer to the right eye than the left eye?,,no,"[17, 18, 19, 20, 23, 26, 28, 30, 32, 34]",10,10,9,7,2,9,10,10,10,10,"[10, 10, 9, 7, 2, 9, 10, 10, 10, 10]",no,"The question does not specify if its right eye of the person, or if it is wrt to the image.",88210,2026-05-11T11:47:54.042477,,,,,,,,,,,,,,,,,,,,,,,,,,,,,,,,,,,,,,,,,,,,,,,,,,,,,,,,,,,,,,,,,,,,,,,,,,,,,,,,,,,,,,,,,,,,,,,,,,,,,,,,,,,,,,,,,,,,,,,,,,,,,,,,,,,,,,,,,,,,,,,,,,,,,,,,,,,,,,,,,,,,,,,,,,,,,,,,,,,,,,,,,,,,,,,,
Sandra,21,1,video_frames_kalash_new_filtered/video_237.mp4,Is there a pink highlighter with black cap beside the left shoe?,,"[yes, yes]","[208, 210, 212, 214, 215, 219, 306, 309, 312, 315]",10,10,10,10,10,1,7,9,9,9,"[10, 10, 10, 10, 10, 1, 7, 9, 9, 9]",yes,,54583,2026-05-11T11:48:51.820474,,,,,,,,,,,,,,,,,,,,,,,,,,,,,,,,,,,,,,,,,,,,,,,,,,,,,,,,,,,,,,,,,,,,,,,,,,,,,,,,,,,,,,,,,,,,,,,,,,,,,,,,,,,,,,,,,,,,,,,,,,,,,,,,,,,,,,,,,,,,,,,,,,,,,,,,,,,,,,,,,,,,,,,,,,,,,,,,,,,,,,,,,,,,,,,,
Sandra,50,1,video_frames_kalash_new_filtered/170.webm,Is the deodrant can on the green tile?,,yes,"[35, 36, 37, 38, 39, 43, 46, 47, 48, 49]",10,10,10,10,9,7,10,10,10,10,"[10, 10, 10, 10, 9, 7, 10, 10, 10, 10]",yes,,47925,2026-05-11T11:49:42.973949,,,,,,,,,,,,,,,,,,,,,,,,,,,,,,,,,,,,,,,,,,,,,,,,,,,,,,,,,,,,,,,,,,,,,,,,,,,,,,,,,,,,,,,,,,,,,,,,,,,,,,,,,,,,,,,,,,,,,,,,,,,,,,,,,,,,,,,,,,,,,,,,,,,,,,,,,,,,,,,,,,,,,,,,,,,,,,,,,,,,,,,,,,,,,,,,
Sandra,7,1,video_frames_kalash_new_filtered/video_68.mp4,Is there an adapter beneath the paper cup?,,no,"[76, 78, 82, 83, 85, 88, 109, 110, 111, 113]",1,1,2,5,7,1,7,7,5,1,"[1, 1, 2, 5, 7, 1, 7, 7, 5, 1]",no,"Doesn't specify which paper cup, especially for 6th image.",87548,2026-05-11T11:51:13.720757,,,,,,,,,,,,,,,,,,,,,,,,,,,,,,,,,,,,,,,,,,,,,,,,,,,,,,,,,,,,,,,,,,,,,,,,,,,,,,,,,,,,,,,,,,,,,,,,,,,,,,,,,,,,,,,,,,,,,,,,,,,,,,,,,,,,,,,,,,,,,,,,,,,,,,,,,,,,,,,,,,,,,,,,,,,,,,,,,,,,,,,,,,,,,,,,
Sandra,20,1,video_frames_kalash_new_filtered/video_223.mp4,Is water being poured in the transparent container with the egg yolk in it?,,"[no, no]","[747, 749, 750, 752, 755, 783, 795, 797, 801, 804]",10,10,10,10,10,2,5,7,8,9,"[10, 10, 10, 10, 10, 2, 5, 7, 8, 9]",yes,,88928,2026-05-11T11:52:45.881162,,,,,,,,,,,,,,,,,,,,,,,,,,,,,,,,,,,,,,,,,,,,,,,,,,,,,,,,,,,,,,,,,,,,,,,,,,,,,,,,,,,,,,,,,,,,,,,,,,,,,,,,,,,,,,,,,,,,,,,,,,,,,,,,,,,,,,,,,,,,,,,,,,,,,,,,,,,,,,,,,,,,,,,,,,,,,,,,,,,,,,,,,,,,,,,,
Sandra,2,1,video_frames_kalash_new_filtered/video_30.mp4,Is the pen closer to the green book than the jar?,,yes,"[394, 398, 412, 455, 465, 467, 469, 470, 474, 481]",10,10,10,10,7,2,1,2,9,10,"[10, 10, 10, 10, 7, 2, 1, 2, 9, 10]",yes,,52711,2026-05-11T11:53:41.781212,,,,,,,,,,,,,,,,,,,,,,,,,,,,,,,,,,,,,,,,,,,,,,,,,,,,,,,,,,,,,,,,,,,,,,,,,,,,,,,,,,,,,,,,,,,,,,,,,,,,,,,,,,,,,,,,,,,,,,,,,,,,,,,,,,,,,,,,,,,,,,,,,,,,,,,,,,,,,,,,,,,,,,,,,,,,,,,,,,,,,,,,,,,,,,,,
Sandra,91,2,video_frames_kalash_new_filtered/0PSL4.mp4,Is the man touching the shoes beside the white dustbin?,,no,"[252, 253, 255, 258, 261, 265, 314, 344, 352, 358]",10,10,10,10,10,7,8,9,10,10,"[10, 10, 10, 10, 10, 7, 8, 9, 10, 10]",yes,,67660,2026-05-12T05:23:03.910432,,,,,,,,,,,,,,,,,,,,,,,,,,,,,,,,,,,,,,,,,,,,,,,,,,,,,,,,,,,,,,,,,,,,,,,,,,,,,,,,,,,,,,,,,,,,,,,,,,,,,,,,,,,,,,,,,,,,,,,,,,,,,,,,,,,,,,,,,,,,,,,,,,,,,,,,,,,,,,,,,,,,,,,,,,,,,,,,,,,,,,,,,,,,,,,,
Sandra,93,2,video_frames_kalash_new_filtered/0R6K4.mp4,Is the glass in contact with the persons mouth?,,no,"[236, 239, 241, 242, 251, 261, 263, 264, 267, 272]",10,10,7,7,5,9,10,10,10,10,"[10, 10, 7, 7, 5, 9, 10, 10, 10, 10]",yes,,76921,2026-05-12T05:24:24.068354,,,,,,,,,,,,,,,,,,,,,,,,,,,,,,,,,,,,,,,,,,,,,,,,,,,,,,,,,,,,,,,,,,,,,,,,,,,,,,,,,,,,,,,,,,,,,,,,,,,,,,,,,,,,,,,,,,,,,,,,,,,,,,,,,,,,,,,,,,,,,,,,,,,,,,,,,,,,,,,,,,,,,,,,,,,,,,,,,,,,,,,,,,,,,,,,
Sandra,66,2,video_frames_kalash_new_filtered/0G2SC.mp4,Are there pictures on the fridge?,,"[yes, yes]","[500, 502, 505, 507, 509, 535, 541, 542, 547, 550]",9,9,10,9,9,1,7,9,10,10,"[9, 9, 10, 9, 9, 1, 7, 9, 10, 10]",yes,,86525,2026-05-12T05:25:53.782077,,,,,,,,,,,,,,,,,,,,,,,,,,,,,,,,,,,,,,,,,,,,,,,,,,,,,,,,,,,,,,,,,,,,,,,,,,,,,,,,,,,,,,,,,,,,,,,,,,,,,,,,,,,,,,,,,,,,,,,,,,,,,,,,,,,,,,,,,,,,,,,,,,,,,,,,,,,,,,,,,,,,,,,,,,,,,,,,,,,,,,,,,,,,,,,,
Sandra,82,2,video_frames_kalash_new_filtered/0L0KS.mp4,Is the man holding a phone in his left hand?,,"[yes, yes]","[316, 319, 320, 323, 325, 327, 368, 372, 374, 377]",10,10,10,10,8,1,9,9,9,7,"[10, 10, 10, 10, 8, 1, 9, 9, 9, 7]",yes,,91779,2026-05-12T05:27:28.763825,,,,,,,,,,,,,,,,,,,,,,,,,,,,,,,,,,,,,,,,,,,,,,,,,,,,,,,,,,,,,,,,,,,,,,,,,,,,,,,,,,,,,,,,,,,,,,,,,,,,,,,,,,,,,,,,,,,,,,,,,,,,,,,,,,,,,,,,,,,,,,,,,,,,,,,,,,,,,,,,,,,,,,,,,,,,,,,,,,,,,,,,,,,,,,,,
Sandra,86,2,video_frames_kalash_new_filtered/0NJ26.mp4,Is there a colourful dotted cloth below the green dusting pan?,,"[yes, yes]","[359, 360, 361, 363, 373, 483, 541, 544, 546, 550]",10,10,10,10,10,1,8,9,10,10,"[10, 10, 10, 10, 10, 1, 8, 9, 10, 10]",yes,,59227,2026-05-12T05:28:31.229197,,,,,,,,,,,,,,,,,,,,,,,,,,,,,,,,,,,,,,,,,,,,,,,,,,,,,,,,,,,,,,,,,,,,,,,,,,,,,,,,,,,,,,,,,,,,,,,,,,,,,,,,,,,,,,,,,,,,,,,,,,,,,,,,,,,,,,,,,,,,,,,,,,,,,,,,,,,,,,,,,,,,,,,,,,,,,,,,,,,,,,,,,,,,,,,,
Sandra,78,2,video_frames_kalash_new_filtered/0JB3D.mp4,Is the second topmost refrigirator door tray empty?,,"[no, no]","[127, 130, 131, 133, 164, 184, 185, 192, 201, 205]",10,10,10,10,1,5,5,10,10,10,"[10, 10, 10, 10, 1, 5, 5, 10, 10, 10]",yes,,78000,2026-05-12T05:29:52.429263,,,,,,,,,,,,,,,,,,,,,,,,,,,,,,,,,,,,,,,,,,,,,,,,,,,,,,,,,,,,,,,,,,,,,,,,,,,,,,,,,,,,,,,,,,,,,,,,,,,,,,,,,,,,,,,,,,,,,,,,,,,,,,,,,,,,,,,,,,,,,,,,,,,,,,,,,,,,,,,,,,,,,,,,,,,,,,,,,,,,,,,,,,,,,,,,
Sandra,79,2,video_frames_kalash_new_filtered/0JQ26.mp4,Is the striped shirt boy holding a container in his right hand?,,no,"[1, 2, 4, 6, 10, 18, 19, 20, 21, 22]",5,5,7,7,8,10,10,10,10,10,"[5, 5, 7, 7, 8, 10, 10, 10, 10, 10]",yes,,108873,2026-05-12T05:31:44.488061,,,,,,,,,,,,,,,,,,,,,,,,,,,,,,,,,,,,,,,,,,,,,,,,,,,,,,,,,,,,,,,,,,,,,,,,,,,,,,,,,,,,,,,,,,,,,,,,,,,,,,,,,,,,,,,,,,,,,,,,,,,,,,,,,,,,,,,,,,,,,,,,,,,,,,,,,,,,,,,,,,,,,,,,,,,,,,,,,,,,,,,,,,,,,,,,
Sandra,74,2,video_frames_kalash_new_filtered/0IFCL.mp4,Is the man wearing a baseball cap?,,"[yes, yes]","[199, 202, 208, 210, 231, 418, 419, 420, 424, 430]",10,10,10,10,10,10,10,10,10,10,"[10, 10, 10, 10, 10, 10, 10, 10, 10, 10]",yes,,48150,2026-05-12T05:32:35.829983,,,,,,,,,,,,,,,,,,,,,,,,,,,,,,,,,,,,,,,,,,,,,,,,,,,,,,,,,,,,,,,,,,,,,,,,,,,,,,,,,,,,,,,,,,,,,,,,,,,,,,,,,,,,,,,,,,,,,,,,,,,,,,,,,,,,,,,,,,,,,,,,,,,,,,,,,,,,,,,,,,,,,,,,,,,,,,,,,,,,,,,,,,,,,,,,
Sandra,65,2,video_frames_kalash_new_filtered/0FVYR.mp4,Is the human wearing a cap?,,"[yes, yes]","[105, 110, 111, 113, 139, 433, 435, 438, 443, 445]",10,10,10,10,1,10,10,10,10,10,"[10, 10, 10, 10, 1, 10, 10, 10, 10, 10]",yes,,74663,2026-05-12T05:33:53.712296,,,,,,,,,,,,,,,,,,,,,,,,,,,,,,,,,,,,,,,,,,,,,,,,,,,,,,,,,,,,,,,,,,,,,,,,,,,,,,,,,,,,,,,,,,,,,,,,,,,,,,,,,,,,,,,,,,,,,,,,,,,,,,,,,,,,,,,,,,,,,,,,,,,,,,,,,,,,,,,,,,,,,,,,,,,,,,,,,,,,,,,,,,,,,,,,
Sandra,75,2,video_frames_kalash_new_filtered/0J1AQ.mp4,Does the shoe which the woman is holding have black laces?,,"[no, no]","[148, 151, 152, 155, 156, 166, 193, 195, 199, 202]",10,10,10,10,10,1,9,9,9,9,"[10, 10, 10, 10, 10, 1, 9, 9, 9, 9]",yes,,101541,2026-05-12T05:35:38.515601,,,,,,,,,,,,,,,,,,,,,,,,,,,,,,,,,,,,,,,,,,,,,,,,,,,,,,,,,,,,,,,,,,,,,,,,,,,,,,,,,,,,,,,,,,,,,,,,,,,,,,,,,,,,,,,,,,,,,,,,,,,,,,,,,,,,,,,,,,,,,,,,,,,,,,,,,,,,,,,,,,,,,,,,,,,,,,,,,,,,,,,,,,,,,,,,
Sandra,84,2,video_frames_kalash_new_filtered/0M2DO.mp4,Is there a red towel hanging on the black rod near the ceiling?,,"[yes, yes]","[74, 75, 77, 84, 87, 124, 132, 133, 139, 146]",10,10,10,10,10,1,4,4,10,10,"[10, 10, 10, 10, 10, 1, 4, 4, 10, 10]",yes,,87936,2026-05-12T05:37:09.665865,,,,,,,,,,,,,,,,,,,,,,,,,,,,,,,,,,,,,,,,,,,,,,,,,,,,,,,,,,,,,,,,,,,,,,,,,,,,,,,,,,,,,,,,,,,,,,,,,,,,,,,,,,,,,,,,,,,,,,,,,,,,,,,,,,,,,,,,,,,,,,,,,,,,,,,,,,,,,,,,,,,,,,,,,,,,,,,,,,,,,,,,,,,,,,,,
Sandra,68,2,video_frames_kalash_new_filtered/0H04V.mp4,Is the boys left foot touching the second step?,,no,"[50, 52, 53, 55, 128, 140, 142, 144, 146, 150]",10,10,10,10,1,5,7,7,9,10,"[10, 10, 10, 10, 1, 5, 7, 7, 9, 10]",yes,,126907,2026-05-12T05:39:19.766075,,,,,,,,,,,,,,,,,,,,,,,,,,,,,,,,,,,,,,,,,,,,,,,,,,,,,,,,,,,,,,,,,,,,,,,,,,,,,,,,,,,,,,,,,,,,,,,,,,,,,,,,,,,,,,,,,,,,,,,,,,,,,,,,,,,,,,,,,,,,,,,,,,,,,,,,,,,,,,,,,,,,,,,,,,,,,,,,,,,,,,,,,,,,,,,,
Sandra,97,2,video_frames_kalash_new_filtered/0RSFD.mp4,Is there a microwave in the corner of the kitchen?,,"[yes, yes]","[453, 455, 457, 462, 468, 536, 770, 772, 774, 776]",10,10,10,10,10,2,9,10,10,10,"[10, 10, 10, 10, 10, 2, 9, 10, 10, 10]",yes,,145771,2026-05-12T05:41:48.733218,,,,,,,,,,,,,,,,,,,,,,,,,,,,,,,,,,,,,,,,,,,,,,,,,,,,,,,,,,,,,,,,,,,,,,,,,,,,,,,,,,,,,,,,,,,,,,,,,,,,,,,,,,,,,,,,,,,,,,,,,,,,,,,,,,,,,,,,,,,,,,,,,,,,,,,,,,,,,,,,,,,,,,,,,,,,,,,,,,,,,,,,,,,,,,,,
Sandra,90,2,video_frames_kalash_new_filtered/0PFL9.mp4,Is there a white label on the frame backside?,,"[yes, yes]","[106, 107, 110, 112, 114, 171, 235, 236, 237, 242]",10,10,10,10,10,1,10,10,9,10,"[10, 10, 10, 10, 10, 1, 10, 10, 9, 10]",no,"The question is a little confusing, as it is not easily identifiable that there is a frame present in the image.",164596,2026-05-12T05:44:36.566023,,,,,,,,,,,,,,,,,,,,,,,,,,,,,,,,,,,,,,,,,,,,,,,,,,,,,,,,,,,,,,,,,,,,,,,,,,,,,,,,,,,,,,,,,,,,,,,,,,,,,,,,,,,,,,,,,,,,,,,,,,,,,,,,,,,,,,,,,,,,,,,,,,,,,,,,,,,,,,,,,,,,,,,,,,,,,,,,,,,,,,,,,,,,,,,,
Sandra,76,2,video_frames_kalash_new_filtered/0J1BT.mp4,Is the left foot of the man on the third step?,,no,"[83, 87, 91, 92, 94, 97, 103, 106, 110, 112]",10,10,10,8,7,8,9,10,10,10,"[10, 10, 10, 8, 7, 8, 9, 10, 10, 10]",yes,,67143,2026-05-12T05:45:46.911872,,,,,,,,,,,,,,,,,,,,,,,,,,,,,,,,,,,,,,,,,,,,,,,,,,,,,,,,,,,,,,,,,,,,,,,,,,,,,,,,,,,,,,,,,,,,,,,,,,,,,,,,,,,,,,,,,,,,,,,,,,,,,,,,,,,,,,,,,,,,,,,,,,,,,,,,,,,,,,,,,,,,,,,,,,,,,,,,,,,,,,,,,,,,,,,,
Sandra,92,2,video_frames_kalash_new_filtered/0QES3.mp4,Has the person worn his right shoe?,,no,"[191, 192, 194, 196, 198, 208, 215, 219, 220, 224]",8,8,7,5,5,5,10,7,6,10,"[8, 8, 7, 5, 5, 5, 10, 7, 6, 10]",yes,,213164,2026-05-12T05:49:23.310225,,,,,,,,,,,,,,,,,,,,,,,,,,,,,,,,,,,,,,,,,,,,,,,,,,,,,,,,,,,,,,,,,,,,,,,,,,,,,,,,,,,,,,,,,,,,,,,,,,,,,,,,,,,,,,,,,,,,,,,,,,,,,,,,,,,,,,,,,,,,,,,,,,,,,,,,,,,,,,,,,,,,,,,,,,,,,,,,,,,,,,,,,,,,,,,,
Sandra,95,2,video_frames_kalash_new_filtered/0RJKT.mp4,Is the man sitting on the floor?,,no,"[324, 330, 332, 335, 340, 350, 352, 354, 357, 359]",10,10,10,10,3,6,8,10,10,10,"[10, 10, 10, 10, 3, 6, 8, 10, 10, 10]",yes,,77597,2026-05-12T05:50:44.121048,,,,,,,,,,,,,,,,,,,,,,,,,,,,,,,,,,,,,,,,,,,,,,,,,,,,,,,,,,,,,,,,,,,,,,,,,,,,,,,,,,,,,,,,,,,,,,,,,,,,,,,,,,,,,,,,,,,,,,,,,,,,,,,,,,,,,,,,,,,,,,,,,,,,,,,,,,,,,,,,,,,,,,,,,,,,,,,,,,,,,,,,,,,,,,,,
Sandra,71,2,video_frames_kalash_new_filtered/00HFP.mp4,Is the man holding shoes?,,"[yes, yes]","[188, 193, 194, 198, 203, 215, 219, 224, 229, 230]",10,10,10,5,5,1,5,10,10,10,"[10, 10, 10, 5, 5, 1, 5, 10, 10, 10]",no,"The man initially seems to be holding a pair of shoes, but later only one show",262535,2026-05-12T05:55:09.882000,,,,,,,,,,,,,,,,,,,,,,,,,,,,,,,,,,,,,,,,,,,,,,,,,,,,,,,,,,,,,,,,,,,,,,,,,,,,,,,,,,,,,,,,,,,,,,,,,,,,,,,,,,,,,,,,,,,,,,,,,,,,,,,,,,,,,,,,,,,,,,,,,,,,,,,,,,,,,,,,,,,,,,,,,,,,,,,,,,,,,,,,,,,,,,,,
Sandra,96,2,video_frames_kalash_new_filtered/0RP6B.mp4,Has the woman sat on the chair?,,no,"[422, 423, 426, 427, 430, 441, 444, 445, 447, 451]",10,10,10,10,9,6,8,8,10,10,"[10, 10, 10, 10, 9, 6, 8, 8, 10, 10]",yes,,131759,2026-05-12T05:57:24.842128,,,,,,,,,,,,,,,,,,,,,,,,,,,,,,,,,,,,,,,,,,,,,,,,,,,,,,,,,,,,,,,,,,,,,,,,,,,,,,,,,,,,,,,,,,,,,,,,,,,,,,,,,,,,,,,,,,,,,,,,,,,,,,,,,,,,,,,,,,,,,,,,,,,,,,,,,,,,,,,,,,,,,,,,,,,,,,,,,,,,,,,,,,,,,,,,
Sandra,94,2,video_frames_kalash_new_filtered/0RJ18.mp4,Is the person holding a bottle?,,"[yes, yes]","[102, 105, 107, 111, 121, 321, 322, 324, 326, 329]",10,10,10,10,2,8,9,9,9,9,"[10, 10, 10, 10, 2, 8, 9, 9, 9, 9]",yes,,136153,2026-05-12T05:59:44.188066,,,,,,,,,,,,,,,,,,,,,,,,,,,,,,,,,,,,,,,,,,,,,,,,,,,,,,,,,,,,,,,,,,,,,,,,,,,,,,,,,,,,,,,,,,,,,,,,,,,,,,,,,,,,,,,,,,,,,,,,,,,,,,,,,,,,,,,,,,,,,,,,,,,,,,,,,,,,,,,,,,,,,,,,,,,,,,,,,,,,,,,,,,,,,,,,
Sandra,73,2,video_frames_kalash_new_filtered/0IAGO.mp4,Has the woman sat on the wooden bench?,,no,"[128, 130, 137, 143, 148, 150, 152, 163, 174, 188]",10,10,6,6,7,8,9,10,10,10,"[10, 10, 6, 6, 7, 8, 9, 10, 10, 10]",yes,,107734,2026-05-12T06:01:35.127240,,,,,,,,,,,,,,,,,,,,,,,,,,,,,,,,,,,,,,,,,,,,,,,,,,,,,,,,,,,,,,,,,,,,,,,,,,,,,,,,,,,,,,,,,,,,,,,,,,,,,,,,,,,,,,,,,,,,,,,,,,,,,,,,,,,,,,,,,,,,,,,,,,,,,,,,,,,,,,,,,,,,,,,,,,,,,,,,,,,,,,,,,,,,,,,,
Sandra,64,2,video_frames_kalash_new_filtered/0FM93.mp4,Has the man entered the white tiled room?,,no,"[500, 514, 519, 520, 571, 608, 610, 612, 619, 621]",10,10,10,10,7,10,10,10,10,10,"[10, 10, 10, 10, 7, 10, 10, 10, 10, 10]",yes,,51722,2026-05-12T06:02:30.038831,,,,,,,,,,,,,,,,,,,,,,,,,,,,,,,,,,,,,,,,,,,,,,,,,,,,,,,,,,,,,,,,,,,,,,,,,,,,,,,,,,,,,,,,,,,,,,,,,,,,,,,,,,,,,,,,,,,,,,,,,,,,,,,,,,,,,,,,,,,,,,,,,,,,,,,,,,,,,,,,,,,,,,,,,,,,,,,,,,,,,,,,,,,,,,,,
Sandra,85,2,video_frames_kalash_new_filtered/0MK2C.mp4,Is there a red cloth on the staircase?,,"[yes, yes]","[35, 38, 39, 41, 45, 93, 95, 96, 100, 108]",10,10,10,10,1,8,8,10,10,10,"[10, 10, 10, 10, 1, 8, 8, 10, 10, 10]",yes,,98122,2026-05-12T06:04:11.347159,,,,,,,,,,,,,,,,,,,,,,,,,,,,,,,,,,,,,,,,,,,,,,,,,,,,,,,,,,,,,,,,,,,,,,,,,,,,,,,,,,,,,,,,,,,,,,,,,,,,,,,,,,,,,,,,,,,,,,,,,,,,,,,,,,,,,,,,,,,,,,,,,,,,,,,,,,,,,,,,,,,,,,,,,,,,,,,,,,,,,,,,,,,,,,,,
Sandra,72,2,video_frames_kalash_new_filtered/0HGNK.mp4,Is the woman in orange sweatshirt wearing spectacles?,,"[yes, yes]","[303, 307, 315, 318, 321, 334, 505, 506, 508, 515]",10,10,10,10,9,1,8,9,10,10,"[10, 10, 10, 10, 9, 1, 8, 9, 10, 10]",yes,,70172,2026-05-12T06:05:24.726838,,,,,,,,,,,,,,,,,,,,,,,,,,,,,,,,,,,,,,,,,,,,,,,,,,,,,,,,,,,,,,,,,,,,,,,,,,,,,,,,,,,,,,,,,,,,,,,,,,,,,,,,,,,,,,,,,,,,,,,,,,,,,,,,,,,,,,,,,,,,,,,,,,,,,,,,,,,,,,,,,,,,,,,,,,,,,,,,,,,,,,,,,,,,,,,,
Sandra,81,2,video_frames_kalash_new_filtered/0KZYF.mp4,Has the man entered the room in front of him?,,no,"[366, 368, 370, 372, 374, 390, 402, 404, 406, 409]",10,10,10,10,10,5,7,10,10,10,"[10, 10, 10, 10, 10, 5, 7, 10, 10, 10]",yes,,85711,2026-05-12T06:06:53.630437,,,,,,,,,,,,,,,,,,,,,,,,,,,,,,,,,,,,,,,,,,,,,,,,,,,,,,,,,,,,,,,,,,,,,,,,,,,,,,,,,,,,,,,,,,,,,,,,,,,,,,,,,,,,,,,,,,,,,,,,,,,,,,,,,,,,,,,,,,,,,,,,,,,,,,,,,,,,,,,,,,,,,,,,,,,,,,,,,,,,,,,,,,,,,,,,
Sandra,60,2,video_frames_kalash_new_filtered/0EGNU.mp4,Is the person holding a pillow?,,"[yes, yes]","[82, 83, 84, 85, 86, 87, 108, 156, 158, 160]",10,10,10,10,10,10,1,10,10,10,"[10, 10, 10, 10, 10, 10, 1, 10, 10, 10]",yes,,254878,2026-05-12T06:11:11.725014,,,,,,,,,,,,,,,,,,,,,,,,,,,,,,,,,,,,,,,,,,,,,,,,,,,,,,,,,,,,,,,,,,,,,,,,,,,,,,,,,,,,,,,,,,,,,,,,,,,,,,,,,,,,,,,,,,,,,,,,,,,,,,,,,,,,,,,,,,,,,,,,,,,,,,,,,,,,,,,,,,,,,,,,,,,,,,,,,,,,,,,,,,,,,,,,
Sandra,70,2,video_frames_kalash_new_filtered/0HD9F.mp4,Are there 3 black cylindrical containers placed one on top of the other?,,no,"[58, 60, 61, 62, 65, 83, 91, 92, 93, 98]",8,8,8,8,8,5,10,10,10,10,"[8, 8, 8, 8, 8, 5, 10, 10, 10, 10]",yes,,98598,2026-05-12T06:12:53.530366,,,,,,,,,,,,,,,,,,,,,,,,,,,,,,,,,,,,,,,,,,,,,,,,,,,,,,,,,,,,,,,,,,,,,,,,,,,,,,,,,,,,,,,,,,,,,,,,,,,,,,,,,,,,,,,,,,,,,,,,,,,,,,,,,,,,,,,,,,,,,,,,,,,,,,,,,,,,,,,,,,,,,,,,,,,,,,,,,,,,,,,,,,,,,,,,
Sandra,62,2,video_frames_kalash_new_filtered/0F1VF.mp4,Has the man kept the book on the platform?,,no,"[14, 15, 17, 20, 46, 63, 64, 68, 73, 75]",10,10,10,10,7,8,8,9,9,9,"[10, 10, 10, 10, 7, 8, 8, 9, 9, 9]",yes,,220613,2026-05-12T06:16:37.324293,,,,,,,,,,,,,,,,,,,,,,,,,,,,,,,,,,,,,,,,,,,,,,,,,,,,,,,,,,,,,,,,,,,,,,,,,,,,,,,,,,,,,,,,,,,,,,,,,,,,,,,,,,,,,,,,,,,,,,,,,,,,,,,,,,,,,,,,,,,,,,,,,,,,,,,,,,,,,,,,,,,,,,,,,,,,,,,,,,,,,,,,,,,,,,,,
Sandra,98,2,video_frames_kalash_new_filtered/0UFGC.mp4,Is there a laptop on the dining table?,,"[yes, yes]","[24, 25, 30, 31, 35, 45, 67, 74, 79, 82]",10,10,10,10,10,1,10,10,10,10,"[10, 10, 10, 10, 10, 1, 10, 10, 10, 10]",yes,,73492,2026-05-12T06:17:54.013260,,,,,,,,,,,,,,,,,,,,,,,,,,,,,,,,,,,,,,,,,,,,,,,,,,,,,,,,,,,,,,,,,,,,,,,,,,,,,,,,,,,,,,,,,,,,,,,,,,,,,,,,,,,,,,,,,,,,,,,,,,,,,,,,,,,,,,,,,,,,,,,,,,,,,,,,,,,,,,,,,,,,,,,,,,,,,,,,,,,,,,,,,,,,,,,,
Sandra,89,2,video_frames_kalash_new_filtered/0OE6M.mp4,Is there a person behind the boy with spectacles?,,"[yes, yes]","[213, 215, 216, 217, 221, 245, 283, 292, 294, 295]",10,10,10,10,10,1,9,10,10,10,"[10, 10, 10, 10, 10, 1, 9, 10, 10, 10]",yes,,43655,2026-05-12T06:18:40.880743,,,,,,,,,,,,,,,,,,,,,,,,,,,,,,,,,,,,,,,,,,,,,,,,,,,,,,,,,,,,,,,,,,,,,,,,,,,,,,,,,,,,,,,,,,,,,,,,,,,,,,,,,,,,,,,,,,,,,,,,,,,,,,,,,,,,,,,,,,,,,,,,,,,,,,,,,,,,,,,,,,,,,,,,,,,,,,,,,,,,,,,,,,,,,,,,
Sandra,53,2,video_frames_kalash_new_filtered/0CQL8.mp4,Is there a coat beside the man on the cupboard door?,,"[yes, yes]","[85, 87, 88, 90, 93, 105, 114, 118, 127, 136]",10,10,10,10,4,1,3,4,8,8,"[10, 10, 10, 10, 4, 1, 3, 4, 8, 8]",yes,,107153,2026-05-12T06:20:31.231383,,,,,,,,,,,,,,,,,,,,,,,,,,,,,,,,,,,,,,,,,,,,,,,,,,,,,,,,,,,,,,,,,,,,,,,,,,,,,,,,,,,,,,,,,,,,,,,,,,,,,,,,,,,,,,,,,,,,,,,,,,,,,,,,,,,,,,,,,,,,,,,,,,,,,,,,,,,,,,,,,,,,,,,,,,,,,,,,,,,,,,,,,,,,,,,,
Sandra,61,2,video_frames_kalash_new_filtered/0EJAG.mp4,Does the man have 2 arms?,,"[yes, yes]","[210, 212, 213, 214, 215, 236, 274, 275, 276, 280]",10,10,10,10,10,1,9,9,9,9,"[10, 10, 10, 10, 10, 1, 9, 9, 9, 9]",yes,,52454,2026-05-12T06:21:26.901224,,,,,,,,,,,,,,,,,,,,,,,,,,,,,,,,,,,,,,,,,,,,,,,,,,,,,,,,,,,,,,,,,,,,,,,,,,,,,,,,,,,,,,,,,,,,,,,,,,,,,,,,,,,,,,,,,,,,,,,,,,,,,,,,,,,,,,,,,,,,,,,,,,,,,,,,,,,,,,,,,,,,,,,,,,,,,,,,,,,,,,,,,,,,,,,,
Sandra,56,2,video_frames_kalash_new_filtered/0DD62.mp4,Is the old man holding the frame?,,no,"[10, 20, 40, 47, 55, 80, 83, 84, 90, 100]",10,10,10,10,5,7,8,9,10,10,"[10, 10, 10, 10, 5, 7, 8, 9, 10, 10]",yes,,115107,2026-05-12T06:23:25.201195,,,,,,,,,,,,,,,,,,,,,,,,,,,,,,,,,,,,,,,,,,,,,,,,,,,,,,,,,,,,,,,,,,,,,,,,,,,,,,,,,,,,,,,,,,,,,,,,,,,,,,,,,,,,,,,,,,,,,,,,,,,,,,,,,,,,,,,,,,,,,,,,,,,,,,,,,,,,,,,,,,,,,,,,,,,,,,,,,,,,,,,,,,,,,,,,
Sandra,99,2,video_frames_kalash_new_filtered/0USFX.mp4,Is the person holding a carrybag?,,yes,"[39, 41, 43, 51, 53, 332, 508, 512, 513, 522]",10,10,10,10,10,1,3,5,8,10,"[10, 10, 10, 10, 10, 1, 3, 5, 8, 10]",yes,,143796,2026-05-12T06:25:52.227490,,,,,,,,,,,,,,,,,,,,,,,,,,,,,,,,,,,,,,,,,,,,,,,,,,,,,,,,,,,,,,,,,,,,,,,,,,,,,,,,,,,,,,,,,,,,,,,,,,,,,,,,,,,,,,,,,,,,,,,,,,,,,,,,,,,,,,,,,,,,,,,,,,,,,,,,,,,,,,,,,,,,,,,,,,,,,,,,,,,,,,,,,,,,,,,,
Sandra,69,2,video_frames_kalash_new_filtered/0HD0T.mp4,Is there a transparent plastic container over the orange container?,,"[yes, yes]","[389, 394, 398, 406, 409, 423, 453, 455, 456, 462]",10,10,10,10,9,1,10,10,10,10,"[10, 10, 10, 10, 9, 1, 10, 10, 10, 10]",yes,,122251,2026-05-12T06:27:57.693689,,,,,,,,,,,,,,,,,,,,,,,,,,,,,,,,,,,,,,,,,,,,,,,,,,,,,,,,,,,,,,,,,,,,,,,,,,,,,,,,,,,,,,,,,,,,,,,,,,,,,,,,,,,,,,,,,,,,,,,,,,,,,,,,,,,,,,,,,,,,,,,,,,,,,,,,,,,,,,,,,,,,,,,,,,,,,,,,,,,,,,,,,,,,,,,,
Sandra,51,2,video_frames_kalash_new_filtered/0BLSL.mp4,Is the glass being kept on the kitchen table top?,,"[no, no]","[503, 504, 505, 506, 512, 513, 515, 518, 520, 521]",10,10,10,10,9,6,7,10,10,10,"[10, 10, 10, 10, 9, 6, 7, 10, 10, 10]",no,"The question is confusing as the class is being kept in the sink, instead of the table top.",609358,2026-05-12T06:38:10.257241,,,,,,,,,,,,,,,,,,,,,,,,,,,,,,,,,,,,,,,,,,,,,,,,,,,,,,,,,,,,,,,,,,,,,,,,,,,,,,,,,,,,,,,,,,,,,,,,,,,,,,,,,,,,,,,,,,,,,,,,,,,,,,,,,,,,,,,,,,,,,,,,,,,,,,,,,,,,,,,,,,,,,,,,,,,,,,,,,,,,,,,,,,,,,,,,
Sandra,83,2,video_frames_kalash_new_filtered/0M1PW.mp4,Are there 2 breads in the electric grill?,,"[yes, yes]","[4, 6, 8, 14, 74, 180, 181, 182, 183, 185]",10,10,10,10,1,10,10,10,10,10,"[10, 10, 10, 10, 1, 10, 10, 10, 10, 10]",yes,,43001,2026-05-12T06:38:56.461989,,,,,,,,,,,,,,,,,,,,,,,,,,,,,,,,,,,,,,,,,,,,,,,,,,,,,,,,,,,,,,,,,,,,,,,,,,,,,,,,,,,,,,,,,,,,,,,,,,,,,,,,,,,,,,,,,,,,,,,,,,,,,,,,,,,,,,,,,,,,,,,,,,,,,,,,,,,,,,,,,,,,,,,,,,,,,,,,,,,,,,,,,,,,,,,,
Sandra,54,2,video_frames_kalash_new_filtered/0CX32.mp4,Are there 2 bottles on the table?,,"[yes, yes]","[0, 1, 6, 7, 40, 139, 144, 150, 154, 155]",7,7,7,7,1,7,7,7,7,7,"[7, 7, 7, 7, 1, 7, 7, 7, 7, 7]",yes,,79625,2026-05-12T06:40:19.291405,,,,,,,,,,,,,,,,,,,,,,,,,,,,,,,,,,,,,,,,,,,,,,,,,,,,,,,,,,,,,,,,,,,,,,,,,,,,,,,,,,,,,,,,,,,,,,,,,,,,,,,,,,,,,,,,,,,,,,,,,,,,,,,,,,,,,,,,,,,,,,,,,,,,,,,,,,,,,,,,,,,,,,,,,,,,,,,,,,,,,,,,,,,,,,,,
Sandra,67,2,video_frames_kalash_new_filtered/0GH5O.mp4,Is there a vaccum cleaner beside the man?,,"[yes, yes]","[0, 2, 4, 14, 30, 41, 42, 44, 45, 50]",10,10,10,10,1,8,10,10,10,10,"[10, 10, 10, 10, 1, 8, 10, 10, 10, 10]",yes,,43003,2026-05-12T06:41:05.508327,,,,,,,,,,,,,,,,,,,,,,,,,,,,,,,,,,,,,,,,,,,,,,,,,,,,,,,,,,,,,,,,,,,,,,,,,,,,,,,,,,,,,,,,,,,,,,,,,,,,,,,,,,,,,,,,,,,,,,,,,,,,,,,,,,,,,,,,,,,,,,,,,,,,,,,,,,,,,,,,,,,,,,,,,,,,,,,,,,,,,,,,,,,,,,,,
Sandra,77,2,video_frames_kalash_new_filtered/0J471.mp4,Are both the feet of the girl on the ground?,,"[yes, yes]","[378, 379, 382, 386, 397, 426, 433, 440, 446, 450]",10,10,10,10,3,1,1,10,10,10,"[10, 10, 10, 10, 3, 1, 1, 10, 10, 10]",yes,,127286,2026-05-12T06:43:15.997008,,,,,,,,,,,,,,,,,,,,,,,,,,,,,,,,,,,,,,,,,,,,,,,,,,,,,,,,,,,,,,,,,,,,,,,,,,,,,,,,,,,,,,,,,,,,,,,,,,,,,,,,,,,,,,,,,,,,,,,,,,,,,,,,,,,,,,,,,,,,,,,,,,,,,,,,,,,,,,,,,,,,,,,,,,,,,,,,,,,,,,,,,,,,,,,,
Sandra,55,2,video_frames_kalash_new_filtered/0D5JP.mp4,Is the glass in contact with the table?,,no,"[364, 366, 375, 380, 384, 398, 424, 430, 431, 434, 443, 444, 445]",10,10,10,10,10,8,10,10,10,10,None,None,None,"[10, 10, 10, 10, 10, 8, 10, 10, 10, 10, None, None, None]",yes,,70915,2026-05-12T06:44:30.145333,,,,,,,,,,,,,,,,,,,,,,,,,,,,,,,,,,,,,,,,,,,,,,,,,,,,,,,,,,,,,,,,,,,,,,,,,,,,,,,,,,,,,,,,,,,,,,,,,,,,,,,,,,,,,,,,,,,,,,,,,,,,,,,,,,,,,,,,,,,,,,,,,,,,,,,,,,,,,,,,,,,,,,,,,,,,,,,,,,,,,,,,,,,,,
,,,,,,,,,,,,,,,,,,,,,,,,Sandra,100,2,video_frames_kalash_new_filtered/0UZ0Y.mp4,Is the girl wearing spectacles?,,"[yes, yes]","[59, 60, 62, 65, 66, 70, 98, 99, 100, 101]",10,10,10,10,9,1,10,10,10,10,"[10, 10, 10, 10, 9, 1, 10, 10, 10, 10]",yes,,91725,2026-05-12T06:46:05.067046,,,,,,,,,,,,,,,,,,,,,,,,,,,,,,,,,,,,,,,,,,,,,,,,,,,,,,,,,,,,,,,,,,,,,,,,,,,,,,,,,,,,,,,,,,,,,,,,,,,,,,,,,,,,,,,,,,,,,,,,,,,,,,,,,,,,,,,,,,,,,,,,,,,,,,,,,,,,,,,,,,,,,,,,
,,,,,,,,,,,,,,,,,,,,,,,,,,,,,,,,,,,,,,,,,,,,,Sandra,57,2,video_frames_kalash_new_filtered/0DDYA.mp4,Is there a cup in between the womans arms?,,yes,"[165, 170, 172, 196, 580, 682, 685, 689, 695, 715]",10,10,10,10,3,10,10,10,10,10,"[10, 10, 10, 10, 3, 10, 10, 10, 10, 10]",yes,,94632,2026-05-12T06:47:42.890173,,,,,,,,,,,,,,,,,,,,,,,,,,,,,,,,,,,,,,,,,,,,,,,,,,,,,,,,,,,,,,,,,,,,,,,,,,,,,,,,,,,,,,,,,,,,,,,,,,,,,,,,,,,,,,,,,,,,,,,,,,,,,,,,,,,,,,,,,,,,,,,,,,,
,,,,,,,,,,,,,,,,,,,,,,,,,,,,,,,,,,,,,,,,,,,,,,,,,,,,,,,,,,,,,,,,,,Sandra,88,2,video_frames_kalash_new_filtered/0O022.mp4,Is the door open?,,yes,"[92, 96, 97, 98, 99, 131, 192, 195, 199, 204]",10,10,10,10,10,3,5,5,5,10,"[10, 10, 10, 10, 10, 3, 5, 5, 5, 10]",yes,,177052,2026-05-12T06:50:43.158765,,,,,,,,,,,,,,,,,,,,,,,,,,,,,,,,,,,,,,,,,,,,,,,,,,,,,,,,,,,,,,,,,,,,,,,,,,,,,,,,,,,,,,,,,,,,,,,,,,,,,,,,,,,,,,,,,,,,,,,,,,,,,,
,,,,,,,,,,,,,,,,,,,,,,,,,,,,,,,,,,,,,,,,,,,,,,,,,,,,,,,,,,,,,,,,,,,,,,,,,,,,,,,,,,,,,,,Sandra,87,2,video_frames_kalash_new_filtered/0NZVB.mp4,Is ther a microwave in front of the man?,,"[yes, yes]","[83, 85, 88, 89, 90, 103, 149, 158, 159, 162]",10,10,10,10,10,1,10,10,10,10,"[10, 10, 10, 10, 10, 1, 10, 10, 10, 10]",yes,,54686,2026-05-12T06:51:41.055024,,,,,,,,,,,,,,,,,,,,,,,,,,,,,,,,,,,,,,,,,,,,,,,,,,,,,,,,,,,,,,,,,,,,,,,,,,,,,,,,,,,,,,,,,,,,,,,,,,,,,,,,,
,,,,,,,,,,,,,,,,,,,,,,,,,,,,,,,,,,,,,,,,,,,,,,,,,,,,,,,,,,,,,,,,,,,,,,,,,,,,,,,,,,,,,,,,,,,,,,,,,,,,,,,,,,,,Sandra,52,2,video_frames_kalash_new_filtered/0BX9N.mp4,Does the woman have 2 arms?,,"[yes, yes]","[231, 238, 245, 252, 259, 293, 294, 295, 296, 326]",10,10,10,1,1,10,10,10,10,10,"[10, 10, 10, 1, 1, 10, 10, 10, 10, 10]",yes,,86137,2026-05-12T06:53:10.406772,,,,,,,,,,,,,,,,,,,,,,,,,,,,,,,,,,,,,,,,,,,,,,,,,,,,,,,,,,,,,,,,,,,,,,,,,,,,,,,,,,,,
,,,,,,,,,,,,,,,,,,,,,,,,,,,,,,,,,,,,,,,,,,,,,,,,,,,,,,,,,,,,,,,,,,,,,,,,,,,,,,,,,,,,,,,,,,,,,,,,,,,,,,,,,,,,,,,,,,,,,,,,,,,,,,,,,Sandra,59,2,video_frames_kalash_new_filtered/0DJ6R.mp4,Is there a phone in the drawer?,,yes,"[150, 152, 155, 157, 159, 164, 168, 173, 179, 189]",1,1,3,3,4,6,7,9,9,9,"[1, 1, 3, 3, 4, 6, 7, 9, 9, 9]",yes,,160179,2026-05-12T06:55:53.802451,,,,,,,,,,,,,,,,,,,,,,,,,,,,,,,,,,,,,,,,,,,,,,,,,,,,,,,,,,,,,,,
,,,,,,,,,,,,,,,,,,,,,,,,,,,,,,,,,,,,,,,,,,,,,,,,,,,,,,,,,,,,,,,,,,,,,,,,,,,,,,,,,,,,,,,,,,,,,,,,,,,,,,,,,,,,,,,,,,,,,,,,,,,,,,,,,,,,,,,,,,,,,,,,,,,,,,Sandra,63,2,video_frames_kalash_new_filtered/0F453.mp4,Is the fridge door open?,,no,"[74, 75, 79, 81, 98, 107, 110, 113, 119, 124]",10,10,10,10,4,7,8,8,8,9,"[10, 10, 10, 10, 4, 7, 8, 8, 8, 9]",yes,,128633,2026-05-12T06:58:05.643921,,,,,,,,,,,,,,,,,,,,,,,,,,,,,,,,,,,,,,,,,,
,,,,,,,,,,,,,,,,,,,,,,,,,,,,,,,,,,,,,,,,,,,,,,,,,,,,,,,,,,,,,,,,,,,,,,,,,,,,,,,,,,,,,,,,,,,,,,,,,,,,,,,,,,,,,,,,,,,,,,,,,,,,,,,,,,,,,,,,,,,,,,,,,,,,,,,,,,,,,,,,,,,,,,,,,,,Sandra,80,2,video_frames_kalash_new_filtered/0K0LP.mp4,Is there a hello kitty soft toy on the black sofa?,,"[yes, yes]","[204, 205, 206, 210, 216, 219, 262, 265, 267, 272]",10,10,10,10,10,1,8,9,9,10,"[10, 10, 10, 10, 10, 1, 8, 9, 9, 10]",yes,,90897,2026-05-12T06:59:39.745532,,,,,,,,,,,,,,,,,,,,,
,,,,,,,,,,,,,,,,,,,,,,,,,,,,,,,,,,,,,,,,,,,,,,,,,,,,,,,,,,,,,,,,,,,,,,,,,,,,,,,,,,,,,,,,,,,,,,,,,,,,,,,,,,,,,,,,,,,,,,,,,,,,,,,,,,,,,,,,,,,,,,,,,,,,,,,,,,,,,,,,,,,,,,,,,,,,,,,,,,,,,,,,,,,,,,,,Sandra,58,2,video_frames_kalash_new_filtered/0DJ4I.mp4,Is the boy in red shirt holding a red carry bag?,,"[yes, yes]","[106, 108, 110, 114, 137, 177, 178, 180, 182, 184]",10,10,10,10,1,9,10,10,10,10,"[10, 10, 10, 10, 1, 9, 10, 10, 10, 10]",yes,,73608,2026-05-12T07:00:56.566778