video_path, question, frames, center_frames, gt_answer
/home/debarpanb1/Videoframe_extract/videos_kalash/video_5.mp4, "Is the ball closer to the pen as compared to the book?",[0100,0106,0109,0112,0113,0114,0117,0119,0120,0121],[0113],yes
/home/debarpanb1/Videoframe_extract/videos_kalash/video_30.mp4, "Is the pen closer to the green book than the jar?",[0394,0398,0412,0455,0465,0467,0469,0470,0474,0481],[0467],yes
/home/debarpanb1/Videoframe_extract/videos_kalash/video_35.mp4, "Is the pen touching the book?",[0351,0373,0375,0381,0387,0397,0404,0407,0410,0412],[0387],no,no
/home/debarpanb1/Videoframe_extract/videos_kalash/video_44.mp4, "Is the red cup on the wooden board?",[0026,0029,0033,0037,0079,0082,0086,0091,0119,0123],0079,no
/home/debarpanb1/Videoframe_extract/videos_kalash/video_61.mp4, "Are there exactly 3 cups?",[0158,0162,0165,0169,0171,0178,0183,0186,0189,0190],0178,yes
/home/debarpanb1/Videoframe_extract/videos_kalash/video_64.mp4, "Is the plastic lid placed on the transparent tumbler?",[0550,0555,0569,0573,0574,0578,0581,0589,0594,0621],[0573],no
/home/debarpanb1/Videoframe_extract/videos_kalash/video_68.mp4, "Is there an adapter beneath the paper cup?",[0076,0078,0082,0083,0085,0088,0109,0110,0111,0113],[0083],no
/home/debarpanb1/Videoframe_extract/videos_kalash/video_69.mp4, "Is the onion being dropped into the footwear?",[0369,0373,0377,0382,0387,0391,0395,0403,0425,0437],[0395], no
/home/debarpanb1/Videoframe_extract/videos_kalash/video_77.mp4, "Are there exactly 2 fruits?",[0208,0214,0218,0219,0220,0221,0222,0223,0226,0227],[0220],no
/home/debarpanb1/Videoframe_extract/videos_kalash/video_80.mp4, "Are there exactly 2 tumblers?",[0021,0036,0034,0036,0040,0045,0047,0048,0049,0050],[0036],yes
/home/debarpanb1/Videoframe_extract/videos_kalash/video_86.mp4, "Is the purple tumbler touching the table?",[0544,0546,0550,0554,0556,0557,0558,0560,568,0580],[0557],yes
/home/debarpanb1/Videoframe_extract/videos_kalash/video_102.mp4, "Is the blue pen on the green book?",[0098,0102,0113,0117,0122,0123,0124,0128,0131,0138],[0122],yes
/home/debarpanb1/Videoframe_extract/videos_kalash/video_108.mp4, "Is the ball closer to the salt shaker than the steel container?",[0148,0149,0155,0162,0163,0165,0166,0167,0168,0169],[0166],no
/home/debarpanb1/Videoframe_extract/videos_kalash/video_123.mp4, "Is the red cap attached to the popcorn container?", [0061, 0062, 0074, 0075, 0088, 0090, 0091, 0094, 0096, 0097], [0088], yes
/home/debarpanb1/Videoframe_extract/videos_kalash/video_132.mp4, "Are there exactly 3 blue cups on the table?", [0136, 0138, 0140, 0144, 0148, 0154, 0201, 0207, 0208, 0210], [0154], yes, yes
/home/debarpanb1/Videoframe_extract/videos_kalash/video_134.mp4, "Is there a white chess piece in the hands of the person?", [0152, 0156, 0160, 0162, 0168, 0696, 0698, 0700, 0704, 0706], [0168], yes, yes
/home/debarpanb1/Videoframe_extract/videos_kalash/video_140.mp4, "Is there green leaf in the mixing bowl?", [0601, 0603, 0605, 0606, 0621, 0633, 0635, 0636, 0640, 0643], [0621], yes, yes
/home/debarpanb1/Videoframe_extract/videos_kalash/video_187.mp4, "Is the fruit placed on top of the white cup?", [0557, 0559, 0560, 0564, 0569, 0573, 0574, 0577, 0580, 0583], [0569], no
/home/debarpanb1/Videoframe_extract/videos_kalash/video_191.mp4, "Is the door closed?", [0103, 0106, 0107, 0111, 0114, 0132, 0141, 0145, 0147, 0151], [0132], no
/home/debarpanb1/Videoframe_extract/videos_kalash/video_223.mp4, "Is water being poured in the transparent container with the egg yolk in it?", [0747, 0749, 0750, 0752, 0755, 0783, 0795, 0797, 0801, 0804], [0783], no, no
/home/debarpanb1/Videoframe_extract/videos_kalash/video_237.mp4, "Is there a pink highlighter with black cap beside the left shoe?", [0208, 0210, 0212, 0214 ,0215, 0219, 0306, 0309, 0312, 0315], [0219], yes, yes
/home/debarpanb1/Videoframe_extract/videos_kalash/video_258.mp4, "Is there a knife and spoon on the blue sofa?", [0004, 0006, 0011, 0013, 0018, 0177, 0179, 0182, 0184, 0186], [0018], yes, yes
/home/debarpanb1/Videoframe_extract/videos_kalash/video_305.mp4, "Is there a pair of scissors on the desk?", [0138, 0139, 0140, 0142, 0143, 0207, 0215, 0218, 0220, 0224], [0207], yes, yes
/home/debarpanb1/Videoframe_extract/videos_kalash/video_316.mp4, "Is there an oil bottle on the table?", [0430, 0432, 0434 ,0435, 0437, 0508, 0550, 0553, 0558, 0560], [0508], yes, yes
/home/debarpanb1/Videoframe_extract/videos_kalash/video_338.mp4, "Are there 2 purses hanging on the black chair?", [0108, 0110, 0113, 0115, 0129, 0154, 0156, 0158, 0159, 0161], [0129], yes, yes
/home/debarpanb1/Videoframe_extract/videos_kalash/video_363.mp4, "Is the Iron placed on the blue shirt?", [0296, 0298, 0300, 0313, 0362, 0559, 0561, 0565, 0570, 0574], [0362], no, no
/home/debarpanb1/Videoframe_extract/videos_kalash/video_533.mp4, "Does the container have its lid on?", [0044, 0048, 0050, 0054, 0072, 0284, 0286, 0290, 0292, 0298], [0072], yes, yes
/home/debarpanb1/Videoframe_extract/videos_kalash/video_540.mp4, "Are there a pair of of white shoes beneath the pair of jeans?", [0428, 0429, 0430, 0434, 0435, 0444, 0531, 0533, 0536, 0538], [0444], yes, yes
/home/debarpanb1/Videoframe_extract/videos_kalash/video_836.mp4, "Is the glass on the book?", [0059, 0062, 0068, 0070, 0076, 0096, 0100, 0104, 0106, 0107], [0076], no
/home/debarpanb1/Videoframe_extract/videos_kalash/video_945.mp4, "Is the iron on the red sweater?", [0336, 0338, 0340, 0346, 0503, 0529, 0530, 0535, 0540, 0543], [0503], no, no
/home/debarpanb1/Videoframe_extract/videos_kalash/11.webm, "Is the person holding the wallet?", [0021, 0022, 0023, 0025, 0029, 0030, 0031, 0032, 0033, 0035], [0029], no, no
/home/debarpanb1/Videoframe_extract/videos_kalash/15.webm, "Is the blue lid of the container touching the table?", [0031, 0032, 0034, 0035, 0036, 0041, 0047, 0048, 0049, 0050], [0041], no, no
/home/debarpanb1/Videoframe_extract/videos_kalash/22.webm, "Is the comb touching the onion", [0003, 0004, 0005, 0006, 0007 ,0009, 0015, 0016, 0017, 0018], [0009], no
/home/debarpanb1/Videoframe_extract/videos_kalash/25.webm, "Is the finger touching the white container?", [0005, 0006, 0007, 0008, 0009, 0017, 0022, 0023, 0024, 0025], [0017], no, no
/home/debarpanb1/Videoframe_extract/videos_kalash/39.webm, "Is the person holding the bottle?", [0029, 0030, 0031, 0033, 0036, 0041, 0042, 0043, 0044, 0045], [0036], no
/home/debarpanb1/Videoframe_extract/videos_kalash/42.webm, "Is there a coin in the image?", [0000, 0001, 0002, 0003, 0004, 0026, 0045, 0046, 0047, 0049], [0026], yes
/home/debarpanb1/Videoframe_extract/videos_kalash/45.webm, "Is the entire wooden block touching the wire?", [0000, 0001, 0002, 0003, 0007, 0013, 0014, 0015, 0016, 0017], [0007], yes
/home/debarpanb1/Videoframe_extract/videos_kalash/46.webm, "Is the tape recorder in contact with the magazine?", [0029, 0030, 0031, 0032, 0033, 0037, 0038, 0039, 0040, 0041], [0037], yes
/home/debarpanb1/Videoframe_extract/videos_kalash/48.webm, "Is green glass in contact with the table?", [0019, 0020, 0021, 0022, 0030, 0033, 0034, 0035, 0036, 0037], [0030], yes
/home/debarpanb1/Videoframe_extract/videos_kalash/58.webm, "Is the white object (on top of the grey cylindrical object) closer to the right eye than the left eye?", [0017, 0018, 0019, 0020, 0023, 0026, 0028, 0030, 0032, 0034], [0023], no
/home/debarpanb1/Videoframe_extract/videos_kalash/77.webm, "Is the orange object on the right of the green watch?", [0000, 0001, 0002, 0003, 0004, 0005, 0007, 0008, 0009, 0012], [0005], yes
/home/debarpanb1/Videoframe_extract/videos_kalash/80.webm, "Is the person touching the white object?", [0007, 0008, 0009, 0010, 0011, 0016, 0031, 0032, 0033, 0034], [0016], no, no
/home/debarpanb1/Videoframe_extract/videos_kalash/102.webm, "Is the person touching the rubiks cube?", [0010, 0011, 0012, 0013, 0014, 0016, 0043, 0044, 0045, 0046], [0016], no, no
/home/debarpanb1/Videoframe_extract/videos_kalash/119.webm, "Is the brown disk in contact with the persons hand?", [0015, 0022, 0023, 0025, 0026, 0027, 0028, 0029, 0030, 0031], [0023], no
/home/debarpanb1/Videoframe_extract/videos_kalash/123.webm, "Is the brush being held by the person?", [0006, 0007, 0008, 0011, 0018, 0019, 0020, 0021, 0022, 0023], [0011], no
/home/debarpanb1/Videoframe_extract/videos_kalash/124.webm, "Is there water splatter beneath the wiping cloth?", [0008, 0009, 0010, 0011, 0013, 0052, 0053, 0054, 0063, 0064], [0013], yes
/home/debarpanb1/Videoframe_extract/videos_kalash/127.webm, "Is the drawer closed?", [0004, 0005, 0006, 0007, 0008, 0011, 0013, 0014, 0015, 0016], [0011], yes
/home/debarpanb1/Videoframe_extract/videos_kalash/133.webm, "Are there pencils in the box?", [0010, 0011, 0012, 0013, 0014, 0016, 0027, 0028, 0029, 0030], [0016], yes, yes
/home/debarpanb1/Videoframe_extract/videos_kalash/136.webm, "Is the person holding a camera string?", [0009, 0010, 0011, 0012, 0014, 0024, 0025, 0026, 0027, 0028], [0014], yes
/home/debarpanb1/Videoframe_extract/videos_kalash/170.webm, "Is the deodrant can on the green tile?", [0035, 0036, 0037, 0038, 0039, 0043, 0046, 0047, 0048, 0049], [0043], yes
/home/debarpanb1/Videoframe_extract/videos_kalash/0BLSL.mp4, "Is the glass being kept on the kitchen table top?", [0503,0504,0505,0506,0512,0513,0515,0518,0520,0521], [0512], no, no
/home/debarpanb1/Videoframe_extract/videos_kalash/0BX9N.mp4, "Does the woman have 2 arms?", [0231,0238,0245,0252,0259,0293,0294,0295,0296,0326], [0252], yes, yes
/home/debarpanb1/Videoframe_extract/videos_kalash/0CQL8.mp4, "Is there a coat beside the man on the cupboard door?", [0085, 0087, 0088, 0090, 0093, 0105, 0114, 0118, 0127, 0136], [0105], yes, yes
/home/debarpanb1/Videoframe_extract/videos_kalash/0CX32.mp4, "Are there 2 bottles on the table?", [0000, 0001, 0006, 0007, 0040, 0139, 0144, 0150, 0154, 0155], [0040], yes, yes
/home/debarpanb1/Videoframe_extract/videos_kalash/0D5JP.mp4, "Is the glass in contact with the table?", [0364, 0366, 0375, 0380, 0384, 0398, 0424, 0430, 0431, 0434, 0443, 0444, 0445], [0398], no
/home/debarpanb1/Videoframe_extract/videos_kalash/0DD62.mp4, "Is the old man holding the frame?", [0010, 0020, 0040, 0047, 0055, 0080, 0083, 0084, 0090, 0100], [0055], no
/home/debarpanb1/Videoframe_extract/videos_kalash/0DDYA.mp4, "Is there a cup in between the womans arms?", [0165, 0170 , 0172 , 0196 ,0580 ,0682, 0685, 0689 , 0695, 0715], [0580], yes
/home/debarpanb1/Videoframe_extract/videos_kalash/0DJ4I.mp4, "Is the boy in red shirt holding a red carry bag?", [0106, 0108, 0110 ,0114, 0137, 0177, 0178, 0180, 0182, 0184], [0137], yes, yes
/home/debarpanb1/Videoframe_extract/videos_kalash/0DJ6R.mp4, "Is there a phone in the drawer?", [0150, 0152, 0155, 0157, 0159, 0164, 0168, 0173, 0179, 0189], [0159], yes
/home/debarpanb1/Videoframe_extract/videos_kalash/0EGNU.mp4, "Is the person holding a pillow?", [0082,0083,0084,0085,0086,0087,0108,0156,0158,0160], [0108], yes, yes
/home/debarpanb1/Videoframe_extract/videos_kalash/0EJAG.mp4, "Does the man have 2 arms?", [0210, 0212, 0213, 0214, 0215, 0236, 0274, 0275, 0276, 0280], [0236], yes, yes
/home/debarpanb1/Videoframe_extract/videos_kalash/0F1VF.mp4, "Has the man kept the book on the platform?", [0014, 0015 ,0017, 0020, 0046, 0063, 0064, 0068, 0073, 0075], [0046], no
/home/debarpanb1/Videoframe_extract/videos_kalash/0F453.mp4, "Is the fridge door open?", [0074, 0075, 0079, 0081, 0098, 0107, 0110, 0113, 0119, 0124], [0098], no
/home/debarpanb1/Videoframe_extract/videos_kalash/0FM93.mp4, "Has the man entered the white tiled room?", [0500, 0514, 0519, 0520, 0571, 0608, 0610, 0612, 0619, 0621], [0571], no
/home/debarpanb1/Videoframe_extract/videos_kalash/0FVYR.mp4, "Is the human wearing a cap?", [0105, 0110, 0111, 0113, 0139, 0433, 0435, 0438, 0443, 0445], [0139], yes, yes
/home/debarpanb1/Videoframe_extract/videos_kalash/0G2SC.mp4, "Are there pictures on the fridge?", [0500, 0502, 0505, 0507, 0509, 0535, 0541, 0542, 0547, 0550], [0535], yes, yes
/home/debarpanb1/Videoframe_extract/videos_kalash/0GH5O.mp4, "Is there a vaccum cleaner beside the man?", [0000, 0002, 0004, 0014, 0030, 0041, 0042, 0044, 0045, 0050], [0030], yes, yes
/home/debarpanb1/Videoframe_extract/videos_kalash/0H04V.mp4, "Is the boys left foot touching the second step?", [0050, 0052, 0053, 0055, 0128, 0140, 0142, 0144, 0146, 0150], [0128], no
/home/debarpanb1/Videoframe_extract/videos_kalash/0HD0T.mp4, "Is there a transparent plastic container over the orange container?", [0389, 0394, 0398, 0406, 0409, 0423, 0453, 0455, 0456, 0462], [0423], yes, yes
/home/debarpanb1/Videoframe_extract/videos_kalash/0HD9F.mp4, "Are there 3 black cylindrical containers placed one on top of the other?", [0058, 0060, 0061, 0062, 0065, 0083, 0091, 0092, 0093, 0098], [0083], no
/home/debarpanb1/Videoframe_extract/videos_kalash/00HFP.mp4, "Is the man holding shoes?", [0188, 0193, 0194, 0198, 0203, 0215, 0219, 0224, 0229, 0230], [0215], yes, yes
/home/debarpanb1/Videoframe_extract/videos_kalash/0HGNK.mp4, "Is the woman in orange sweatshirt wearing spectacles?", [0303, 0307, 0315, 0318, 0321, 0334, 0505, 0506, 0508, 0515], [0334], yes, yes
/home/debarpanb1/Videoframe_extract/videos_kalash/0IAGO.mp4, "Has the woman sat on the wooden bench?", [0128, 0130, 0137, 0143, 0148, 0150, 0152, 0163, 0174, 0188], [0143], no
/home/debarpanb1/Videoframe_extract/videos_kalash/0IFCL.mp4, "Is the man wearing a baseball cap?", [0199, 0202, 0208, 0210 ,0231, 0418, 0419, 0420, 0424, 0430], [0231], yes, yes
/home/debarpanb1/Videoframe_extract/videos_kalash/0J1AQ.mp4, "Does the shoe which the woman is holding have black laces?", [0148, 0151, 0152, 0155, 0156, 0166, 0193, 0195, 0199, 0202], [0166], no, no
/home/debarpanb1/Videoframe_extract/videos_kalash/0J1BT.mp4, "Is the left foot of the man on the third step?", [0083, 0087, 0091, 0092, 0094, 0097, 0103, 0106, 0110, 0112], [0097], no
/home/debarpanb1/Videoframe_extract/videos_kalash/0J471.mp4, "Are both the feet of the girl on the ground?", [0378, 0379, 0382, 0386, 0397, 0426, 0433, 0440, 0446, 0450], [0397], yes, yes
/home/debarpanb1/Videoframe_extract/videos_kalash/0JB3D.mp4, "Is the second topmost refrigirator door tray empty?", [0127, 0130, 0131, 0133, 0164, 0184, 0185, 0192, 0201, 0205], [0164] , no, no
/home/debarpanb1/Videoframe_extract/videos_kalash/0JQ26.mp4, "Is the striped shirt boy holding a container in his right hand?", [0001, 0002, 0004, 0006, 0010, 0018, 0019, 0020, 0021, 0022], [0010], no
/home/debarpanb1/Videoframe_extract/videos_kalash/0K0LP.mp4, "Is there a hello kitty soft toy on the black sofa?", [0204, 0205, 0206, 0210, 0216, 0219, 0262, 0265, 0267, 0272], [0219], yes, yes
/home/debarpanb1/Videoframe_extract/videos_kalash/0KZYF.mp4, "Has the man entered the room in front of him?", [0366, 0368, 0370, 0372, 0374, 0390, 0402, 0404, 0406, 0409], [0390], no
/home/debarpanb1/Videoframe_extract/videos_kalash/0L0KS.mp4, "Is the man holding a phone in his left hand?", [0316, 0319, 0320, 0323, 0325, 0327, 0368, 0372, 0374, 0377], [0327], yes, yes
/home/debarpanb1/Videoframe_extract/videos_kalash/0M1PW.mp4, "Are there 2 breads in the electric grill?", [0004, 0006, 0008, 0014, 0074, 0180, 0181, 0182, 0183, 0185], [0074], yes, yes
/home/debarpanb1/Videoframe_extract/videos_kalash/0M2DO.mp4, "Is there a red towel hanging on the black rod near the ceiling?", [0074, 0075, 0077, 0084, 0087, 0124, 0132, 0133, 0139, 0146], [0124], yes, yes
/home/debarpanb1/Videoframe_extract/videos_kalash/0MK2C.mp4, "Is there a red cloth on the staircase?", [0035, 0038, 0039, 0041, 0045, 0093, 0095, 0096, 0100, 0108], [0045], yes, yes
/home/debarpanb1/Videoframe_extract/videos_kalash/0NJ26.mp4, "Is there a colourful dotted cloth below the green dusting pan?", [0359, 0360, 0361, 0363, 0373, 0483, 0541, 0544, 0546, 0550], [0483], yes, yes
/home/debarpanb1/Videoframe_extract/videos_kalash/0NZVB.mp4, "Is ther a microwave in front of the man?", [0083, 0085 ,0088, 0089 ,0090, 0103, 0149, 0158, 0159, 0162], [0103], yes, yes
/home/debarpanb1/Videoframe_extract/videos_kalash/0O022.mp4, "Is the door open?", [0092, 0096, 0097, 0098, 0099, 0131, 0192, 0195, 0199, 0204], [0131], yes
/home/debarpanb1/Videoframe_extract/videos_kalash/0OE6M.mp4, "Is there a person behind the boy with spectacles?", [0213, 0215, 0216, 0217, 0221, 0245, 0283, 0292, 0294, 0295], [0245], yes, yes
/home/debarpanb1/Videoframe_extract/videos_kalash/0PFL9.mp4, "Is there a white label on the frame backside?", [0106, 0107, 0110, 0112, 0114, 0171, 0235, 0236, 0237, 0242], [0171], yes, yes
/home/debarpanb1/Videoframe_extract/videos_kalash/0PSL4.mp4, "Is the man touching the shoes beside the white dustbin?", [0252, 0253, 0255, 0258, 0261, 0265, 0314, 0344, 0352, 0358], [0265], no
/home/debarpanb1/Videoframe_extract/videos_kalash/0QES3.mp4, "Has the person worn his right shoe?", [0191, 0192, 0194, 0196, 0198, 0208, 0215, 0219, 0220, 0224], [0208], no
/home/debarpanb1/Videoframe_extract/videos_kalash/0R6K4.mp4, "Is the glass in contact with the persons mouth?", [0236, 0239, 0241, 0242, 0251, 0261, 0263, 0264, 0267, 0272], [0251], no
/home/debarpanb1/Videoframe_extract/videos_kalash/0RJ18.mp4, "Is the person holding a bottle?", [0102, 0105, 0107, 0111, 0121, 0321, 0322, 0324, 0326, 0329], [0121], yes, yes
/home/debarpanb1/Videoframe_extract/videos_kalash/0RJKT.mp4, "Is the man sitting on the floor?", [0324, 0330, 0332, 0335, 0340, 0350, 0352, 0354, 0357, 0359], [0340], no
/home/debarpanb1/Videoframe_extract/videos_kalash/0RP6B.mp4, "Has the woman sat on the chair?", [0422, 0423, 0426, 0427, 0430, 0441, 0444, 0445, 0447, 0451], [0441], no
/home/debarpanb1/Videoframe_extract/videos_kalash/0RSFD.mp4, "Is there a microwave in the corner of the kitchen?", [0453, 0455, 0457, 0462, 0468, 0536, 0770, 0772, 0774, 0776], [0536], yes, yes
/home/debarpanb1/Videoframe_extract/videos_kalash/0UFGC.mp4, "Is there a laptop on the dining table?", [0024, 0025 ,0030, 0031, 0035, 0045, 0067, 0074, 0079, 0082], [0045], yes, yes
/home/debarpanb1/Videoframe_extract/videos_kalash/0USFX.mp4, "Is the person holding a carrybag?", [0039, 0041, 0043, 0051, 0053, 0332, 0508, 0512, 0513, 0522], [0332], yes
/home/debarpanb1/Videoframe_extract/videos_kalash/0UZ0Y.mp4, "Is the girl wearing spectacles?", [0059, 0060, 0062, 0065, 0066, 0070, 0098, 0099, 0100, 0101], [0070], yes, yes